email,university,id
123@anu.edu.au,University of Canberra,Reg_123@anu.edu.au
1@1.com,Charles Sturt University,Reg_1@1.com
1@a.com,Australian National University,Reg_1@a.com
a@a.com,Australian National University,Reg_a@a.com
a@anu.com,Australian National University,Reg_a@anu.com
a@b.com,University of Canberra,Reg_a@b.com
aa@a.com,University of Canberra,Reg_aa@a.com
anu@anu.com,Australian National University,Reg_anu@anu.com
b@anu.com,Charles Sturt University,Reg_b@anu.com
blank@blank.com,Australian National University,Reg_blank@blank.com
carl.carla@hotmail.com,Australian National University,Reg_carl.carla@hotmail.com
Ryanyang@anu.com,University of Canberra,Reg_Ryanyang@anu.com
test2@anu.com,Australian National University,Reg_test2@anu.com
test3@anu.com,Australian National University,Reg_test3@anu.com
test@test.com,Australian National University,Reg_test@test.com
u7190388@anu.edu.au,Australian National University,Reg_u7190388@anu.edu.au
u7194259@anu.edu.au,Australian National University,Reg_u7194259@anu.edu.au
u7195896@anu.edu.au,Australian National University,Reg_u7195896@anu.edu.au
v@v.com,University of Canberra,Reg_v@v.com
