ID,Category,"Is related to researchers (yes=1, no=0, unknown=2)"
21110000,Fishing and aquaculture equipment,0
39110000,Lighting and fixtures and accessories,0
43000000,Information Technology Broadcasting and Telecommunications,0
78000000,Transportation and Storage and Mail Services,0
81000000,Engineering and Research and Technology Based Services,1
86130000,Specialised educational services,2
72000000,Building and Construction and Maintenance Services,0
43200000,Components for information technology or broadcasting or telecommunications,0
80160000,Business administration services,0
83000000,Public Utilities and Public Sector Related Services,0
83120000,Information services,0
43230000,Software,0
80100000,Management advisory services,2
72100000,Building construction and support and maintenance and repair services,0
44000000,Office Equipment and Accessories and Supplies,0
90130000,Performing arts,0
12000000,Chemicals including Bio Chemicals and Gas Materials,0
81110000,Computer services,0
83110000,Telecommunications media services,0
32000000,Electronic Components and Supplies,0
80110000,Human resources services,0
90110000,Hotels and lodging and meeting facilities,0
44120000,Office supplies,0
31160000,Hardware,0
80000000,Management and Business Professionals and Administrative Services,0
82110000,Writing and translations,0
86000000,Education and Training Services,2
85000000,Healthcare Services,2
14110000,Paper products,0
82000000,Editorial and Design and Graphic and Fine Art Services,0
50000000,Food and Beverage Products,0
50110000,Meat and poultry products,0
50100000,Fruits and vegetables and nuts and seeds,0
50180000,Bread and bakery products,0
50120000,Seafood,0
50130000,Dairy products and eggs,0
55000000,Published Products,0
53100000,Clothing,0
72130000,General building construction,0
93140000,Community and social services,0
23110000,Petroleum processing machinery,0
53000000,Apparel and Luggage and Personal Care Products,0
25100000,Motor vehicles,0
51000000,Drugs and Pharmaceutical Products,0
53110000,Footwear,0
77100000,Environmental management,0
90100000,Restaurants and catering,0
24100000,Material handling machinery and equipment,0
76110000,Cleaning and janitorial services,0
14000000,Paper Materials and Products,0
49200000,Fitness equipment,0
85101707,Health systems evaluation services,0
45110000,Audio and visual presentation and composing equipment,0
82141602,Article display arrangement,0
41100000,Laboratory and scientific equipment,0
42000000,Medical Equipment and Accessories and Supplies,0
25110000,Marine transport,0
39000000,Electrical Systems and Lighting and Components and Accessories and Supplies,0
46180000,Personal safety and protection,0
77000000,Environmental Services,2
78100000,Mail and cargo transport,0
25200000,Aerospace systems and components and equipment,0
78140000,Transport operations,0
47130000,Cleaning and janitorial supplies,0
72131700,Infrastructure construction,0
52000000,Domestic Appliances and Supplies and Consumer Electronic Products,0
48100000,Institutional food services equipment,0
12350000,Compounds and mixtures,0
23170000,Workshop machinery and equipment and supplies,0
27000000,Tools and General Machinery,0
82150000,Professional artists and performers,0
25130000,Aircraft,0
78131800,Specialised warehousing and storage,0
27112815,Nut driver bits,0
50190000,Prepared and preserved foods,0
80120000,Legal services,0
44110000,Office and desk accessories,0
84130000,Insurance and retirement services,0
86140000,Educational facilities,0
46150000,Law enforcement,0
31150000,Rope and chain and cable and wire and strap,0
80140000,Marketing and distribution,0
45130000,Photographic and recording media,0
84000000,Financial and Insurance Services,0
52150000,Domestic kitchenware,0
70170000,Water resources development and oversight,0
86100000,Vocational training,0
53140000,Sewing supplies and accessories,0
44100000,Office machines and their supplies and accessories,0
78110000,Passenger transport,0
32120000,Passive discrete components,0
55100000,Printed media,0
11160000,Fabrics and leather materials,0
91100000,Personal appearance,0
80130000,Real estate services,0
92120000,Security and personal safety,0
86110000,Alternative educational systems,0
82120000,Reproduction services,0
85100000,Comprehensive health services,0
27112812,Countersinks,0
25000000,Commercial and Military and Private Vehicles and their Accessories and Components,0
85110000,Disease prevention and control,2
51210000,Miscellaneous drug categories,0
81100000,Professional engineering services,0
93130000,Humanitarian aid and relief,0
10000000,Live Plant and Animal Material and Accessories and Supplies,0
30190000,Construction and maintenance support equipment,0
84110000,Accounting and auditing,0
77110000,Environmental protection,0
48000000,Service Industry Machinery and Equipment and Supplies,0
41110000,Measuring and observing and testing instruments,0
78120000,Material packing and handling,0
31000000,Manufacturing Components and Supplies,0
82111603,Court reporting services,0
30000000,Structures and Building and Construction and Manufacturing Components and Supplies,0
46000000,Defence and Law Enforcement and Security and Safety Equipment and Supplies,0
92000000,National Defence and Public Order and Security and Safety Services,0
10130000,Animal containment and habitats,0
24000000,Material Handling and Conditioning and Storage Machinery and their Accessories and Supplies,0
41000000,Laboratory and Measuring and Observing and Testing Equipment,0
30200000,Prefabricated structures,0
93170000,Trade policy and regulation,0
77120000,Pollution tracking and monitoring and rehabilitation,0
90000000,Travel and Food and Lodging and Entertainment Services,0
92110000,Military services and national defence,0
46170000,Security surveillance and detection,0
55110000,Electronic reference material,0
50160000,Chocolate and sugars and sweeteners and confectionary products,0
50170000,Seasonings and preservatives,0
84140000,Credit agencies,0
24120000,Packaging materials,0
76120000,Refuse disposal and treatment,0
26130000,Power generation,0
73170000,Manufacture of electrical goods and precision instruments,0
30170000,Doors and windows and glass,0
46190000,Fire protection,0
40100000,Heating and ventilation and air circulation,0
27112819,Skiving tool cutter blades,0
90120000,Travel facilitation,0
91110000,Domestic and personal assistance,0
81101508,Architectural engineering,0
32100000,Printed circuits and integrated circuits and microassemblies,0
70110000,Horticulture,0
82140000,Graphic design,0
26000000,Power Generation and Distribution Machinery and Accessories,0
50200000,Beverages,0
24110000,Containers and storage,0
12130000,Explosive materials,0
39120000,Electrical equipment and components and supplies,0
81150000,Earth science services,2
12140000,Elements and gases,0
92100000,Public order and safety,0
84120000,Banking and investment,0
25170000,Transportation components and systems,0
73150000,Manufacturing support services,0
56000000,Furniture and Furnishings,0
81120000,Economics,2
53120000,Luggage and handbags and packs and cases,0
45100000,Printing and publishing equipment,0
81140000,Manufacturing technologies,0
78130000,Storage,0
93150000,Public administration and finance services,0
42180000,Patient exam and monitoring products,0
22000000,Building and Construction Machinery and Accessories,0
43220000,Data Voice or Multimedia Network Equipment or Platforms and Accessories,0
86120000,Educational institutions,2
83100000,Utilities,0
45000000,Printing and Photographic and Audio and Visual Equipment and Supplies,0
56100000,Accommodation furniture,0
43210000,Computer Equipment and Accessories,0
23150000,Industrial process machinery and equipment and supplies,0
25190000,Transportation services equipment,0
30160000,Interior finishing materials,0
85121900,Pharmacists,0
70100000,Fisheries and aquaculture,0
80131500,Lease and rental of property or building,0
49170000,Gymnastics and boxing equipment,0
32130000,Electronic hardware and component parts and accessories,0
85120000,Medical practice,0
93000000,Politics and Civic Affairs Services,2
90150000,Entertainment services,0
22100000,Heavy construction machinery and equipment,0
42150000,Dental equipment and supplies,0
56110000,Commercial and industrial furniture,0
15100000,Fuels,0
60100000,Developmental and professional teaching aids and materials and accessories and supplies,0
52160000,Consumer electronics,0
46110000,Conventional war weapons,0
21100000,Agricultural and forestry and landscape machinery and equipment,0
10160000,Floriculture and silviculture products,0
42240000,Orthopaedic and prosthetic and sports medicine products,0
43190000,Communications Devices and Accessories,0
14100000,Paper materials,0
91000000,Personal and Domestic Services,0
42290000,Surgical products,0
26100000,Power sources,0
81111700,Management information systems MIS,0
46160000,Public safety and control,0
39100000,Lamps and lightbulbs and lamp components,0
83101803,Supply of three phase electricity,0
76000000,Industrial Cleaning Services,0
30100000,Structural materials and basic shapes,0
23160000,Foundrymachines and equipment and supplies,0
71100000,Mining services,0
30180000,Plumbing fixtures,0
49220000,Sports equipment and accessories,0
84100000,Development finance,0
78180000,Transportation repair or maintenance services,0
76100000,Decontamination services,0
13100000,Rubber and elastomers,0
24130000,Industrial refrigeration,0
11000000,Mineral and Textile and Inedible Plant and Animal Materials,0
41115201,Radarbased surveillance systems,0
52140000,Domestic appliances,0
45120000,Photographic or filming or video equipment,0
42140000,Patient care and treatment products and supplies,0
71120000,Well drilling and construction services,0
85150000,Food and nutrition services,0
49000000,Sports and Recreational Equipment and Supplies and Accessories,0
82121500,Printing,0
54100000,Jewellery,0
70140000,Crop production and management and protection,1
25111700,Military watercraft,0
49120000,Camping and outdoor equipment and accessories,0
73000000,Industrial Production and Manufacturing Services,0
53130000,Personal care products,0
47110000,Industrial laundry and dry cleaning equipment,0
43231506,Materials requirements planning logistics and supply chain software,0
70130000,Land and soil preparation and management and protection,0
76130000,Toxic and hazardous waste cleanup,0
81130000,Statistics,2
93141506,Social welfare services,0
73140000,Fibres and textiles and fabric industries,0
31260000,Housings and cabinets and casings,0
23000000,Industrial Manufacturing and Processing Machinery and Accessories,0
60130000,Musical Instruments and parts and accessories,0
80150000,Trade policy and services,2
47000000,Cleaning Equipment and Supplies,0
27110000,Hand tools,0
85140000,Alternative and holistic medicine,2
23100000,Raw materials processing machinery,0
40150000,Industrial pumps and compressors,0
25180000,Vehicle bodies and trailers,0
26110000,Batteries and generators and kinetic power transmission,0
49210000,Other sports,0
52120000,Bedclothes and table and kitchen linen and towels,0
72102200,Electrical services,0
15120000,Lubricants and oils and greases and anti corrosives,0
20000000,Mining and Well Drilling Machinery and Accessories,0
30220000,Permanent structures,0
11150000,Fibres and threads and yarns,0
20100000,Mining and quarrying machinery and equipment,0
82130000,Photographic services,0
55120000,Signage and accessories,0
49180000,Target and table games and equipment,0
10190000,Pest control products,0
27120000,Hydraulic machinery and equipment,0
46100000,Light weapons and ammunition,0
40140000,Fluid and gas distribution,0
80101507,Information technology consultation services,0
60120000,Arts and crafts equipment and accessories and supplies,0
40160000,Industrial filtering and purification,0
26120000,Electrical wire and cable and harness,0
47120000,Janitorial equipment,0
93100000,Political systems and institutions,2
23230000,Sawmilling and lumber processing machinery and equipment,0
94000000,Organisations and Clubs,0
70000000,Farming and Fishing and Forestry and Wildlife Contracting Services,0
31120000,Machined castings,0
55101500,Printed publications,0
73180000,Machining and processing services,0
42300000,Medical training and education supplies,0
77130000,Pollutants tracking and monitoring and rehabilitation services,2
71150000,Oil and gas data management and processing services,0
11120000,Non edible plant and forestry products,0
80111600,Temporary personnel services,0
23200000,Mass transfer equipment,0
20120000,Oil and gas drilling and exploration equipment,0
20140000,Oil and gas operating and production equipment,0
60140000,Toys and games,0
27130000,Pneumatic machinery and equipment,0
30130000,Structural building products,0
90140000,Commercial sports,0
31210000,Paints and primers and finishes,0
40000000,Distribution and Conditioning Systems and Equipment and Components,0
27140000,Automotive specialty tools,0
25120000,Railway and tramway machinery and equipment,0
31170000,Bearings and bushings and wheels and gears,0
80101600,Project management,0
73100000,Plastic and chemical industries,0
46130000,Rockets and subsystems,0
40101604,Fans,0
56101700,Office furniture,0
39101602,Medical lamps,0
40151510,Water pumps,0
25111904,Paddles,0
49121503,Tents,0
90141503,Exhibitions,0
93120000,International relations,2
49211801,Parachute equipment,0
31162108,Tie down anchors,0
53102700,Uniforms,0
11162110,Netting,0
46182306,Safety harnesses or belts,0
24131501,Combined refrigerator freezers,0
92121504,Security guard services,0
76111500,General building and office cleaning and maintenance services,0
81111503,Systems integration design,0
90111501,Hotels,0
30222300,Educational and research structures,2
31163000,Couplings,0
42241500,Casting and splinting supplies,0
84111603,Internal audits,0
41112500,Liquid and gas flow measuring and observing instruments,0
46171606,Sirens,0
40141600,Valves,0
60105301,Career education or planning or decision making skills instructional materials,0
93141802,Recruitment services,0
55121700,Signage,0
93141808,Occupational health or safety services,0
11162125,Webbing fabrics,0
42192300,Patient lifts,0
90121503,Chartering services,0
24102000,Shelving and storage,0
43211507,Desktop computers,0
53102402,Socks,0
42270000,Respiratory and anaesthesia and resuscitation products,0
60104400,Geology and earth science,1
81111812,Computer hardware maintenance or support,0
78101804,Relocation services,0
27113200,Tool kits,0
93160000,Taxation,0
25191704,Engine or vehicle stands,0
43211500,Computers,0
81112005,Document scanning service,0
78102203,Mailing or mail pick up or delivery services,0
78102200,Postal and small parcel and courier services,0
93142100,Regional development,2
60104602,Gravity models or model sets,0
81112103,World wide web WWW site design services,0
81151901,Geophysical surveys,0
71161308,Well site logistics or procurement services,0
82121507,Stationery or business form printing,0
26121600,Electrical cable and accessories,0
27131501,Pneumatic impact wrenches,0
43221525,Intercom systems,0
27111715,Torque wrenches,0
73151904,Offset industrial printing services,0
43223203,Multimedia service centre,0
82111800,Editorial and support services,0
44102304,Sealing machines,0
41111622,Micrometer callipers,0
23171500,Soldering and brazing and welding machinery and supplies,0
46171613,Gas detectors,0
23101502,Drilling machines,0
53102100,Overalls and coveralls,0
90101603,Catering services,0
41116101,Blood bank test kits or supplies,0
24111810,Water storage tanks,0
86131701,Vehicle driving schools services,0
82121506,Publication printing,0
80141500,Market research,0
78141501,Freight forwarders services,0
93121704,Secretariat services,0
76111501,Building cleaning services,0
39121435,Connecting leads or wires,0
52121505,Pillows,0
42172009,Emergency medical services search and rescue kits,0
80141607,Events management,0
26111700,Batteries and cells and accessories,0
46161507,Barrier tapes or chains,0
30181503,Showers,0
60131102,Trombones,0
30222500,Accommodation structures,0
23151901,Cutters,0
31241700,Mirrors,0
11101510,Asbestos,0
85131700,Medical science and research,1
85122200,Individual health screening and assessment services,0
53102303,Underpants,0
39121601,Circuit breakers,0
27111711,Ratchets,0
46181706,Helmet parts or accessories,0
26111711,Lithium batteries,0
71151106,Data storage and backup,0
52161505,Televisions,0
77101501,Risk or hazard assessment,0
86101714,Law enforcement vocational training services,0
80101504,Strategic planning consultation services,2
44111900,Boards,0
46181804,Goggles,0
55121607,Decals,0
40151600,Compressors,0
84141602,Credit card service providers,0
53102520,Shoulder boards or epaulettes,0
81112007,Content or data standardisation services,0
56101500,Furniture,0
26121606,Coaxial cable,0
41111509,Floor or platform scales,0
30140000,Insulation,0
60105409,Brand marketing or advertising instructional materials,0
80101706,Professional procurement services,0
30152000,Fencing,0
39121100,Distribution and control centres and accessories,0
60131001,Pianos,0
78121601,Freight loading or unloading,0
93141800,Employment,0
25191509,Aircraft pushback or tow tractors,0
24131502,Liquid nitrogen refrigerators,0
60101200,Educational incentives,0
22101526,Track excavators,0
46151600,Security and control equipment,0
27111504,Pocket knives,0
23210000,Electronic manufacturing machinery and equipment and accessories,0
40151563,Fire pump sets,0
31151900,Straps,0
49151501,Ski boots,0
84131609,Employee assistance programs,0
42181800,Pulse oximeters,0
46181507,Safety vests,0
43232300,Data management and query software,0
53102500,Clothing accessories,0
41115800,Clinical and diagnostic analysers and accessories and supplies,0
60105419,Developing social skills instructional materials,0
24101600,Lifting equipment and accessories,0
39121523,Timer controls,0
46181704,Safety helmets,0
21111500,Commercial fishing equipment,0
93151607,Government auditing services,0
85111602,Cancer or leukaemia prevention or control services,2
20142700,Pumping units,0
83101802,Supply of two phase electricity,0
82121502,Typesetting,0
11162127,Camouflage cloth,0
30222309,Research or testing facilities,1
76121501,Garbage collection or destruction or processing or disposal,0
78180100,Vehicle maintenance and repair services,0
30222047,Access road,0
78111501,Helicopter services,0
72102800,Refurbishing services,0
42171917,Emergency medical services first aid kit cases or bags or accessories,0
70111703,Garden planting or maintenance services,0
41105314,Gel documentation systems,0
20121909,Surveying systems,0
78131804,Document storage services,0
70101700,Fishery industry and technology,0
30191501,Ladders,0
23171600,Machine tools,0
31162801,Handles or knobs,0
84111600,Audit services,0
80131600,Sale of property and building,0
80141701,Direct sales services,0
40142002,Air hoses,0
25191505,Aircraft cargo handling equipment,0
24101612,Jacks,0
93161802,Taxation policy,0
84111505,Payroll accounting services,0
45121700,Photographic processing equipment,0
91111500,Laundering services,0
56101542,Folding chairs,0
40142201,Gas regulators,0
72101801,Sandblasting,0
32121603,Variable resistors or varistors,0
40141607,Ball valves,0
84121800,Securities and commodities markets services,0
80111604,Temporary technician staffing needs,0
43233200,Security and protection software,0
80141700,Distribution,0
49211805,Lanyards,0
73151900,Industrial printing services,0
43231511,Expert system software,0
80161508,Document destruction services,0
81101513,Building construction management,0
80101604,Project administration or planning,0
80101500,Business and corporate management consultation services,0
81111803,Local area network LAN maintenance or support,0
43211502,High end computer servers,0
81141800,Facilities management,0
41111621,Callipers,0
24111500,Bags,0
90111500,Hotels and motels and inns,0
43221706,Radio antennas,0
40161513,Fuel filters,0
49141507,Drysuits,0
43232609,Library software,0
55121715,Flags or accessories,0
85122100,Rehabilitation services,0
30222307,Laboratory building,0
24101604,Lifts,0
22102000,Building demolition machinery and equipment,0
70171602,Water testing services,0
43211501,Computer servers,0
26111710,Product specific battery packs,0
92121604,Private investigation services,0
85131701,Pharmaceutical research services,1
46181508,Fire retardant apparel,0
14111500,Printing and writing paper,0
56101715,Mail sorters or organisers,0
31330000,Fabricated structural assemblies,0
84111500,Accounting services,0
73161517,Air conditioning or ventilating or refrigeration equipment manufacture services,0
46191505,Fire alarm systems,0
30151800,Siding and exterior wall materials,0
46101800,Arms and ammunition accessories,0
32101514,Amplifiers,0
43221700,Fixed network equipment and components,0
80161601,Property management services,0
49121504,Sleeping bags,0
25172100,Vehicle safety and security systems and components,0
40151607,Refrigerant compressors,0
80141507,Consumer based research or clinics or focus groups,2
83121703,Internet related services,0
72102305,Air conditioning installation or maintenance or repair services,0
53111500,Boots,0
81111507,ERP or database applications programming services,0
12131704,Explosive initiators,0
30131502,Concrete blocks,0
72101600,Roofing and siding and sheet metal work,0
30222900,Defence structures,0
44122012,Clipboards,0
41115200,Radar and sonar systems and components,0
60101809,Religious product kits or supplies,0
27111802,Levels,0
31151901,Metal straps,0
81141504,Equipment test calibration or repair,0
60101401,Badges,0
80121607,Taxation law,0
76131601,Toxic spill containment,0
42120000,Veterinary equipment and supplies,0
47101514,Water purification equipment,0
30120000,Roads and landscape,0
32101500,Circuit assemblies and radio frequency RF components,0
14111806,Business forms or questionnaires,0
25171700,Braking systems and components,0
49151500,Skiing and snowboarding equipment,0
20122400,Production systems equipment,0
56101504,Chairs,0
91101501,Health or fitness clubs,0
52161600,Audio visual equipment accessories,0
26121641,Installation cables,0
70141605,Integrated pest management services,0
80111617,Architectural services,0
93141707,Cultural heritage preservation or promotion services,2
81151705,Archaeological services,2
49101701,Medals,0
77101500,Environmental impact assessment,2
81111811,Technical support or help desk services,0
72102205,Telecom equipment maintenance or support,0
23101515,Engraving machines,0
81101500,Civil engineering,0
80141602,Public relation services,0
84111703,Budget preparation or review services,0
83101800,Electric utilities,0
92121500,Guard services,0
52161518,Global positioning system receivers,0
39121533,Switch parts or accessories,0
30222014,Airfield,0
80101508,Business intelligence consulting services,0
90101700,Cafeteria services,0
41113114,Thermal conductivity analysers,0
81151604,Land surveying,0
80111711,Permanent information technology software developers,0
55121500,Tags,0
14111509,Stationery,0
45111603,Projection screens or displays,0
80141614,Public relations programs or services,0
30222501,Residential homes,0
70171605,Water rights advisory services,0
49241510,Rope climbing equipment,0
81151904,Aero magnetic geophysics,0
20142400,Ocean floor equipment,0
85121608,Psychologists services,0
43212100,Computer printers,0
80141506,Internet based market research,0
47131905,Spill kits,0
93141908,Agrarian reform or land settlement services,0
81101605,Electromechanical services,0
25172500,Tyres and tyre tubes,0
93151509,Government information services,0
30222013,Airport control tower,0
60105412,Violence avoidance education or violence prevention instructional materials,0
41105803,Transcription or translation systems or kits,0
43191600,Personal communications device accessories or parts,0
80111609,Temporary information technology systems or database administrators,0
86141704,Library or documentation services,0
49240000,Recreation and playground and swimming and spa equipment and supplies,0
32101525,Power dividers,0
41111711,Electron microscopes,0
41115703,Gas chromatographs,0
43231500,Business function specific software,0
77101604,Natural resources management or conservation strategy planning services,2
43222605,Network gateway,0
32101517,Couplers,0
52131600,Blinds and shades,0
46140000,Launchers,0
84121500,Banking institutions,0
85101700,Health administration services,0
80131503,Land leases,0
56101510,Partitions,0
72102903,Parking lot or road maintenance or repairs or services,0
43231600,Finance accounting and enterprise resource planning ERP software,0
40151532,Fuel pumps,0
81111804,Wide area network WAN maintenance or support,0
90101701,On site cafeteria management,0
85101701,Health policy,2
24141504,Tamper proof or security seals,0
43233413,Voice recognition software,0
78111800,Passenger road transportation,0
80161502,Meeting planning services,0
85101605,Home health assistants,0
78111807,Parking fees,0
83101601,Supply of natural gas,0
82151504,Sculptors services,0
25102002,Armoured fighting vehicles,0
72131600,Commercial or industrial construction,0
78101701,Domestic vessel transport services,0
52161500,Audio and visual equipment,0
90111601,Conference centres,0
39111504,Stage or studio lighting systems,0
83111800,Television services,0
70111713,Parks management or maintenance services,0
60105103,Altitude measuring devices,0
45121601,Camera flashes or lighting,0
83112200,Enhanced telecommunications services,0
81111500,Software or hardware engineering,0
42211707,Telecommunication devices TDD or teletypewriters TTYfor the physically challenged,0
84101604,Government aid,2
45111900,Phone and video conference equipment and hardware and controllers,0
93141513,Social justice or legislation services,0
83111902,Amateur radio networks or services,0
43232402,Development environment software,0
30222026,Lighthouse,0
27112709,Power saws,0
60101100,Electronic learning aids,0
81121500,Economic analysis,2
80101603,Economic or financial evaluation of projects,0
80111701,Staff recruiting services,0
43222501,Firewall network security equipment,0
41111929,Radiation detectors,0
15121521,Pump lubricating oils,0
43232202,Document management software,0
86111700,Language schooling,0
85121809,Blood or sperm or transplant organ banks services,0
31180000,Gaskets and seals,0
78111500,Passenger air transportation,0
42182419,Hearing control apparatus,0
42203000,Medical linear accelerators and related products,0
70141603,Weed control services,0
94131605,International aid assistance services,0
30201714,Site offices,0
26101718,Engine ignition systems,0
82121800,Publishing,0
81141801,Safety or risk analysis,0
24111501,Canvas bags,0
40161500,Filters,0
24101706,Trolleys or accessories,0
44101501,Photocopiers,0
46171619,Security or access control systems,0
81141704,Production statistics collection or analysis services,2
80131800,Real estate management services,0
31300000,Machined forgings,0
43232408,Web platform development software,0
81112010,Data conversion service,0
46191600,Fire fighting equipment,0
31161500,Screws,0
43232403,Enterprise application integration software,0
43231505,Human resources software,0
32121500,Capacitors,0
39121500,Switches and controls and relays and accessories,0
30161700,Flooring,0
72102902,Landscaping services,0
30222702,Cold storage installations,0
90151502,Historical or cultural sites,0
27112809,Tool holders,0
24112401,Tool chests or boxes or cabinets,0
31151500,Ropes,0
27126100,Hydraulic tools,0
25201904,Parachutes,0
46171600,Surveillance and detection equipment,0
83112202,Frame relay public managed network services,0
25111503,Cargo or container ships,0
92101600,Fire services,0
81101506,Naval architecture,0
52161520,Microphones,0
25201600,Aerospace location and navigation systems and components,0
42201815,Medical x ray units for general diagnostic use,0
45111704,Audio mixing consoles,0
84121607,Operating lease finance service,0
24101603,Forklifts,0
81111704,Database design,0
43232200,Content management software,0
41103903,Benchtop centrifuges,0
41111500,Weight measuring instruments,0
80111608,Temporary information technology software developers,0
92121701,Surveillance or alarm maintenance or monitoring,0
81111504,Application programming services,0
41114400,Meteorological instruments,0
41112401,Depth gauges,0
30201801,Shelters,0
83111804,Television broadcasting station management,0
23231200,Circular saws and accessories,0
60101600,Educational certificates or diplomas,0
30201601,Houses,0
31261702,Mounted generator set noise control enclosure,0
55121600,Labels,0
83121604,Online database information retrieval systems,0
78131602,File archive storage,0
30161801,Cabinets,0
26121541,Bus conductors,0
25172000,Suspension system components,0
39121104,Motor control centres,0
80141605,Promotional merchandise,0
43211711,Scanners,0
41113600,Electrical measuring and testing equipment,0
31161600,Bolts,0
23231100,Bandsaws and accessories,0
31151601,Safety chains,0
31163100,Connectors,0
31151708,Guy cables,0
86101802,Re training or refreshing training services,0
23232000,Lumber surfacers and accessories,0
27112134,Longnose pliers,0
42181516,Electromyography EMG units or accessories,0
42141807,Transcutaneous electric nerve stimulation units,0
40151601,Air compressors,0
41111900,Indicating and recording instruments,0
27131603,Air regulators,0
43232502,Computer based training software,0
60105500,Home and interior design instructional materials,0
23101500,Machinery for working wood and stone and ceramic and the like,0
32101512,Demodulators,0
60105400,Consumer economics and money management and independent living instructional materials,0
31152002,Barbed wire,0
24111802,Air or gas tanks or cylinders,0
42182401,Audiometers or accessories,0
46181810,Eyewashers or eye wash stations,0
55101515,Promotional material or annual reports,0
85121810,Drug or alcohol screening,0
82111701,Article writers services,0
46171500,Locks and security hardware and accessories,0
25201705,Aircraft telemetry systems,0
77111600,Environmental rehabilitation,0
45112000,Microfilm equipment and supplies,0
48110000,Vending machines,0
41112802,Tachometers,0
41111901,Counters,0
41103900,Laboratory centrifuges and accessories,0
41115320,Signal generators,0
42272001,Laryngoscopes or accessories,0
83111507,Call centre bureau services,0
20122600,Seismic equipment,0
30222504,Daycare centre,0
27111706,Open end wrenches,0
31161501,Cap screws,0
39121004,Power supply units,0
41114410,Weather stations,0
80161500,Management support services,0
70171500,Development,0
81111509,Internet or intranet client application development services,0
81102201,Traffic engineering,0
93151508,Government departments services,0
25171713,Disc brake pads,0
24102004,Storage racks or shelves,0
46181504,Protective gloves,0
41113630,Multimeters,0
90151603,Art exhibitions,0
92111700,Military science and research,1
49130000,Fishing and hunting equipment,0
45121501,Still cameras,0
82100000,Advertising,0
27111902,Files,0
60105410,Relationship building or family life skills instructional materials,0
81151900,Geophysics,2
82111604,Transcribing services,0
70111507,Removal services or ornamental plant or bush or tree,0
46182300,Fall protection and rescue equipment,0
52151506,Domestic disposable food containers,0
41112404,Pressure regulator,0
77101701,Environmental sciences advisory services,1
42201820,Medical radiographic equipment grids,0
39121011,Uninterruptible power supplies,0
40151606,Reciprocating compressors,0
42280000,Medical sterilisation products,0
85141504,Energy work,0
81112200,Software maintenance and support,0
85121600,Medical doctors specialist services,0
44121505,Specialty envelopes,0
20111603,Hammer drills,0
43212110,Multi function printers,0
80111613,Temporary manual labour,0
92111501,Dispute mediation or conciliation or negotiation or settlement,0
53121602,Duffel bags,0
80111702,Reference or background check services,0
31171509,Sleeve bearings,0
31161505,Set screws,0
81111705,Systems architecture,0
41123003,Desiccants,0
80141611,Official gift services,0
83121500,Libraries,0
31242100,Optical device accessories,0
25102003,Self propelled artillery,0
31181600,Seals,0
10161800,Non flowering plants,0
70131702,Land evaluation,0
71123000,Mining and oil and gas integrated services,0
25111500,Commercial marine craft,0
83101900,Energy conservation,0
25191703,Tyre changing machines,0
13111200,Films,0
53102504,Gloves or mittens,0
71161605,Oilfield consultancy services,0
42272223,Breathing apparatus accessories or supplies,0
53112002,Shoelaces,0
93141610,Demographic studies,0
77101705,Environmental economics advisory services,2
78141802,Vessel docking services,0
41113638,Oscilloscopes,0
52152013,Spice or salt or pepper shakers,0
85111508,Viral diseases prevention or control services,0
83101510,Chilled water,0
41113000,Chemical evaluation instruments and supplies,0
25191506,Aircraft refuelling equipment,0
31242202,Polarisers,0
31161901,Helical springs,0
93141501,Social policy services,2
81111819,Quality assurance services,0
45111902,Videoconferencing systems,0
53121603,Backpacks,0
40161512,Electronic filters,0
80111713,Permanent information technology systems or database administrators,0
43223100,Digital mobile network infrastructure equipment and components,0
41104400,Laboratory incubating equipment,0
32121600,Resistors,0
70171502,Water resources planning services,0
81111801,Computer or network or internet security,0
80141900,Trade shows and exhibits,0
83101500,Water and sewer utilities,0
76101501,Washroom sanitation services,0
46181501,Protective aprons,0
23101509,Sanding machines,0
43231501,Helpdesk or call centre software,0
11141604,Paper wastes,0
70171700,Irrigation,0
52141503,Domestic garbage disposals,0
24101617,Scissor lift,0
71123002,"Management and operation of all facilities, engineering, modification and maintenance services for site or platform",0
25172800,Hydraulic systems and components,0
49181600,Target games and equipment,0
31161700,Nuts,0
10100000,Live animals,0
46191602,Fire sprinkler systems,0
72102303,Plumbing system construction,0
30161800,Cabinetry,0
43222619,Video networking equipment,0
41103303,Densitometers,0
25171900,Wheels and wheel trims,0
24102101,Cargo handling equipment,0
46181500,Safety apparel,0
70111705,Cemetery upkeep services,0
24112404,Box,0
40141726,Hydrants,0
70101602,Fishery research or experimentation services,1
23101503,Broaching machines,0
31162500,Brackets and braces,0
30110000,Concrete and cement and plaster,0
46182500,Personal safety devices or weapons,0
41111715,Telescopes,0
41106400,Primersand linkers and adaptors,0
45121602,Camera tripods,0
20102305,Utility service vehicles,0
80131801,Property management,0
49141504,Diving instruments or accessories,0
60131400,Percussion instruments,0
25172400,Fuel tanks and systems,0
60103807,History resource books,0
60103400,Geography and map skills resources and accessories,0
30181500,Sanitary ware,0
56101515,Beds,0
60131201,Clarinets,0
93151501,Public enterprises management or financial services,0
42171501,Emergency medical services disaster body pouches,0
40102000,Boilers,0
85122201,Individual health assessment,0
24101630,Workshop cranes,0
24101613,Blocks or pulleys,0
23171508,Welders,0
23171541,Gas welding or brazing or cutting apparatus,0
30191500,Ladders and scaffolding,0
46191603,Fire hoses or nozzles,0
47121805,Pressure or steam cleaners,0
80141510,Market research telephone surveys,0
60105401,Personal finance or money management education instructional materials,0
44101505,Digital duplicators,0
44102300,Packing machines,0
71161502,Well site heavy equipment or crane services,0
42201700,Medical ultrasound and doppler and echo imaging products,0
71151007,Computer based simulation training program services,0
23153300,Cutting tools,0
46181703,Welding masks,0
81131504,Sampling surveys,0
46181522,Safety hoods,0
55121731,Identification markers,0
39121400,Lugs connectors and terminals,0
25173811,Drive shafts,0
80111500,Human resource development,0
86101711,Fire fighting training services,0
26121616,Telecommunications cable,0
24141704,Printed inserts or instructions,0
78102201,National postal delivery services,0
94101502,Regulatory associations,0
44101716,Hole punching units,0
25151700,Satellites,0
52161514,Headphones,0
25173900,Electrical components,0
31162800,Miscellaneous hardware,0
31181500,Gaskets,0
31161904,Compression springs,0
40142000,Hoses,0
78121500,Packing,0
39112000,Mobile and fixed floodlighting,0
39121419,Flex connectors,0
56121303,Rubber brush floor matting,0
20111612,Drilling rigs,0
14111531,Log books or pads,0
41103310,Gas or vapour concentration measuring instruments,0
53102503,Hats,0
80111621,Temporary research and development services,1
71123001,Management and provision of all facilities engineering modification and maintenance services for a site or platform,0
43222700,Telegraph equipment,0
56111906,Industrial cabinets or drawers or shelving,0
72103003,Demolition services,0
25111502,Fishing boats,0
27112811,Arbors,0
44102907,Equipment dust covers,0
20111611,Rotary drills,0
92121700,Security systems services,0
27112802,Saw blades,0
71151300,Oilfield interpretation services,0
43222609,Network routers,0
44121504,Window envelopes,0
60122504,Paper filters,0
78131801,Refrigerated storage,0
27111700,Wrenches and drivers,0
23171606,Lathes,0
23152203,Engine or component test stands,0
81112105,World wide web WWW site operation host services,0
23171607,Lathe tools or dies,0
56112106,Stool seating,0
26111704,Battery chargers,0
86101704,Procurement or supply chain training,0
14111807,Multipurpose business book,0
42182005,Ophthalmoscopes or otoscopes or scope sets,0
41103011,General purpose refrigerators or refrigerator freezers,0
11162128,Parachute cloth,0
45121611,Lens cover,0
73141705,Cordage or rope or twine manufacturing services,0
46161500,Traffic control,0
31242200,Miscellaneous optical components,0
24101700,Conveyors and accessories,0
25101905,All terrain vehicles tracked or wheeled,0
41111601,Micrometers,0
76121502,Liquid waste collection or processing or disposal,0
83111600,Mobile communications services,0
27112106,Linemans pliers,0
25191513,Ground support vehicle maintenance kit,0
46151504,Body armour,0
27111705,Box end wrenches,0
60123203,Synthetic ribbons,0
44122003,Binders,0
53102501,Belts or suspenders,0
25111507,Barges,0
43191510,Two way radios,0
23101504,Bending machines,0
11162003,Hessian or hemp or jute cloth,0
23151607,Presses,0
25174200,Steering system,0
12181504,Petrolatums,0
53102800,Swimwear,0
20102302,Crane vehicles,0
83111700,Facsimile and telegraph services,0
73171601,Scientific instruments or measuring equipment manufacture services,0
81111900,Information retrieval systems,0
93141900,Rural development,2
23101506,Grinding machines,0
24101619,Bridge cranes,0
73181010,Laser services,0
55121720,Emblems,0
81151500,Meteorology,0
14111810,Personnel forms or personnel books,0
41104500,Laboratory ovens and accessories,0
48101901,Food service dinnerware,0
30102517,Armour sheet,0
48101801,Commercial use cutlery,0
46111502,Mines,0
81121503,Econometrics,2
31181506,O ring gaskets,0
24111808,Fuel storage tanks,0
11140000,Scrap and waste materials,0
25172503,Heavy truck tyres,0
83111802,Closed circuit television services,0
56112100,Seating,0
27121500,Hydraulic presses,0
23231001,Tool holder,0
55121726,Identification panels,0
13102013,Polycarbonate PC,0
92112201,Weapons deployment,0
11101704,Steel,0
41111614,Height gauges,0
24101508,Creepers,0
27112102,Bench vises,0
24111507,Tool bags,0
31163204,Cotter pin,0
47111602,Folding machines,0
25172011,Shock absorber,0
24101602,Hoists,0
81101600,Mechanical engineering,0
