Tags,,
role play,research related,
Supervised learning,DIVISION 08 INFORMATION AND COMPUTING SCIENCES,
Endorsements,"DIVISION 15 COMMERCE, MANAGEMENT, TOURISM AND SERVICES",
Intrusion detection,DIVISION 08 INFORMATION AND COMPUTING SCIENCES,
incentive,DIVISION 14 ECONOMICS,
human ERBB2 protein,DIVISION 11 MEDICAL AND HEALTH SCIENCES,
Retina,DIVISION 11 MEDICAL AND HEALTH SCIENCES,
Distributional Impacts,other irrelevant,
Islam,other irrelevant,
exercise test,DIVISION 11 MEDICAL AND HEALTH SCIENCES,
Practice Management,other irrelevant,
medicine,DIVISION 11 MEDICAL AND HEALTH SCIENCES,
Developed Countries,other irrelevant,
Lung,DIVISION 11 MEDICAL AND HEALTH SCIENCES,
beetle,DIVISION 05 ENVIRONMENTAL SCIENCES,
Gastrointestinal Tract,DIVISION 11 MEDICAL AND HEALTH SCIENCES,
Gross Domestic Product,DIVISION 14 ECONOMICS,
Help-Seeking Behavior,DIVISION 11 MEDICAL AND HEALTH SCIENCES,
Self-Help Groups,DIVISION 11 MEDICAL AND HEALTH SCIENCES,
Wrist,DIVISION 11 MEDICAL AND HEALTH SCIENCES,
inbreeding,DIVISION 06 BIOLOGICAL SCIENCES,
Microfinance,DIVISION 14 ECONOMICS,
Dementia,DIVISION 11 MEDICAL AND HEALTH SCIENCES,
Hospital Emergency Service,DIVISION 11 MEDICAL AND HEALTH SCIENCES,
Parturition,DIVISION 09 ENGINEERING,
Phase Transition,DIVISION 09 ENGINEERING,
audit,DIVISION 14 ECONOMICS,
public housing,DIVISION 16 STUDIES IN HUMAN SOCIETY,
fish communities,DIVISION 07 AGRICULTURAL AND VETERINARY SCIENCES,
occupational stress,DIVISION 17 PSYCHOLOGY AND COGNITIVE SCIENCES,
Mathematics Teaching,DIVISION 13 EDUCATION,
Japan,other irrelevant,
Financial Management,DIVISION 14 ECONOMICS,
body condition,DIVISION 11 MEDICAL AND HEALTH SCIENCES,
Disadvantage,other irrelevant,
Bangladesh,other irrelevant,
semiotics,"DIVISION 20 LANGUAGE, COMMUNICATION AND CULTURE",
Psychopathology,DIVISION 17 PSYCHOLOGY AND COGNITIVE SCIENCES,
Cameras,DIVISION 09 ENGINEERING,
Salts,DIVISION 02 PHYSICAL SCIENCES,
consumption behavior,DIVISION 14 ECONOMICS,
semester,DIVISION 13 EDUCATION,
subjectivity,DIVISION 17 PSYCHOLOGY AND COGNITIVE SCIENCES,
International Accounting Standards Board,DIVISION 14 ECONOMICS,
Information technology,DIVISION 08 INFORMATION AND COMPUTING SCIENCES,
Soil,DIVISION 07 AGRICULTURAL AND VETERINARY SCIENCES,
water policy,DIVISION 05 ENVIRONMENTAL SCIENCES,
consciousness,DIVISION 17 PSYCHOLOGY AND COGNITIVE SCIENCES,
baby,DIVISION 11 MEDICAL AND HEALTH SCIENCES,
Evaluation,other irrelevant,
Ideology,"DIVISION 20 LANGUAGE, COMMUNICATION AND CULTURE",DIVISION 16 STUDIES IN HUMAN SOCIETY
Nutrition,DIVISION 11 MEDICAL AND HEALTH SCIENCES,
Prose Poem,"DIVISION 20 LANGUAGE, COMMUNICATION AND CULTURE",
corporate social responsibility,"DIVISION 15 COMMERCE, MANAGEMENT, TOURISM",
Global Financial Crisis,DIVISION 14 ECONOMICS,
Face recognition,DIVISION 10 TECHNOLOGY,
humanitarianism,DIVISION 22 PHILOSOPHY AND RELIGIOUS STUDIES,
Contamination,DIVISION 05 ENVIRONMENTAL SCIENCES,
comparison,other irrelevant,
mammals,DIVISION 07 AGRICULTURAL AND VETERINARY SCIENCES,
Rivers,DIVISION 04 EARTH SCIENCES,
Eicosapentaenoic Acid,DIVISION 03 CHEMICAL SCIENCES,
Social Determinants of Health,DIVISION 11 MEDICAL AND HEALTH SCIENCES,
Quinine,DIVISION 11 MEDICAL AND HEALTH SCIENCES,
dementia,DIVISION 11 MEDICAL AND HEALTH SCIENCES,
Integrated Model,research related,
license,other relevant,
Engineers,DIVISION 10 TECHNOLOGY,
Micronesia,other irrelevant,
Walking Speed,DIVISION 09 ENGINEERING,
birds,DIVISION 07 AGRICULTURAL AND VETERINARY SCIENCES,
child custody,DIVISION 16 STUDIES IN HUMAN SOCIETY,
uncertainty,other relevant,
research method,research related,
Suicide,DIVISION 17 PSYCHOLOGY AND COGNITIVE SCIENCES,
Information Seeking Behavior,DIVISION 17 PSYCHOLOGY AND COGNITIVE SCIENCES,
Head Movements,DIVISION 11 MEDICAL AND HEALTH SCIENCES,
arbitration,"DIVISION 15 COMMERCE, MANAGEMENT, TOURISM AND SERVICES",
multicultural society,"DIVISION 20 LANGUAGE, COMMUNICATION AND CULTURE",DIVISION 16 STUDIES IN HUMAN SOCIETY
Repository,DIVISION 08 INFORMATION AND COMPUTING SCIENCES,
intellectual disability,DIVISION 11 MEDICAL AND HEALTH SCIENCES,
health care services,DIVISION 11 MEDICAL AND HEALTH SCIENCES,
examination,research related,
Polarization,DIVISION 10 TECHNOLOGY,
Ontology,DIVISION 08 INFORMATION AND COMPUTING SCIENCES,
Animals,DIVISION 07 AGRICULTURAL AND VETERINARY SCIENCES,
Democracy,DIVISION 16 STUDIES IN HUMAN SOCIETY,
Vision,DIVISION 11 MEDICAL AND HEALTH SCIENCES,
Electric fuses,DIVISION 10 TECHNOLOGY,
Economy,DIVISION 14 ECONOMICS,
water management,DIVISION 05 ENVIRONMENTAL SCIENCES,
Body Image,DIVISION 11 MEDICAL AND HEALTH SCIENCES,
Project Management,"DIVISION 15 COMMERCE, MANAGEMENT, TOURISM AND SERVICES",
globalization,"DIVISION 15 COMMERCE, MANAGEMENT, TOURISM AND SERVICES",
Attack,DIVISION 10 TECHNOLOGY,
social attitude,DIVISION 16 STUDIES IN HUMAN SOCIETY,
Diploidy,DIVISION 06 BIOLOGICAL SCIENCES,
Industry,other irrelevant,
political elite,DIVISION 16 STUDIES IN HUMAN SOCIETY,
Career development,DIVISION 13 EDUCATION,
India,other irrelevant,
cultural factors,"DIVISION 20 LANGUAGE, COMMUNICATION AND CULTURE",
Neuroimaging,DIVISION 11 MEDICAL AND HEALTH SCIENCES,
Sharing Economy,DIVISION 14 ECONOMICS,
Self-Injurious Behavior,DIVISION 17 PSYCHOLOGY AND COGNITIVE SCIENCES,
basin,DIVISION 04 EARTH SCIENCES,
Canberra,other irrelevant,
Decision making,"DIVISION 15 COMMERCE, MANAGEMENT, TOURISM AND SERVICES",
liability,"DIVISION 15 COMMERCE, MANAGEMENT, TOURISM AND SERVICES",
Patellar Ligament,DIVISION 17 PSYCHOLOGY AND COGNITIVE SCIENCES,
decision-making process,"DIVISION 15 COMMERCE, MANAGEMENT, TOURISM AND SERVICES",
Enforcement,DIVISION 18 LAW AND LEGAL,
Wearable Electronic Devices,DIVISION 09 ENGINEERING,
national security,DIVISION 16 STUDIES IN HUMAN SOCIETY,
Hot Temperature,DIVISION 09 ENGINEERING,
midwife,DIVISION 11 MEDICAL AND HEALTH SCIENCES,
Australian Capital Territory,other irrelevant,
textbook,DIVISION 13 EDUCATION,
population growth,DIVISION 16 STUDIES IN HUMAN SOCIETY,
reciprocity,other irrelevant,
Sex Offenses,DIVISION 18 LAW AND LEGAL,
gender-specific factors,DIVISION 16 STUDIES IN HUMAN SOCIETY,
trade agreement,"DIVISION 15 COMMERCE, MANAGEMENT, TOURISM AND SERVICES",
Retirement,DIVISION 16 STUDIES IN HUMAN SOCIETY,
Biodiversity,DIVISION 05 ENVIRONMENTAL SCIENCES,
Surveillance,DIVISION 10 TECHNOLOGY,
Camera,DIVISION 09 ENGINEERING,
integrity,other irrelevant,
Cultural Heritage,"DIVISION 20 LANGUAGE, COMMUNICATION AND CULTURE",
Quality of Health Care,DIVISION 11 MEDICAL AND HEALTH SCIENCES,
continent,DIVISION 04 EARTH SCIENCES,
Color,other irrelevant,
Lawyers,DIVISION 18 LAW AND LEGAL,
educator,DIVISION 13 EDUCATION,
Turkey,other irrelevant,
Discourse,research related,
Child Development,DIVISION 13 EDUCATION,
female student,DIVISION 13 EDUCATION,
Degradation,DIVISION 06 BIOLOGICAL SCIENCES,
Connectivity,other irrelevant,
group membership,"DIVISION 20 LANGUAGE, COMMUNICATION AND CULTURE",
psychology,DIVISION 17 PSYCHOLOGY AND COGNITIVE SCIENCES,
educational policy,DIVISION 13 EDUCATION,
human capital,DIVISION 16 STUDIES IN HUMAN SOCIETY,
developing country,other irrelevant,
Domestic Violence,DIVISION 18 LAW AND LEGAL,
intercultural learning,"DIVISION 20 LANGUAGE, COMMUNICATION AND CULTURE",
amplification,DIVISION 06 BIOLOGICAL SCIENCES,
life history,DIVISION 21 HISTORY AND ARCHAEOLOGY,
services,other irrelevant,
Criminals,DIVISION 18 LAW AND LEGAL,
World Wide Web,DIVISION 08 INFORMATION AND COMPUTING SCIENCES,
Competency,other irrelevant,
social structure,DIVISION 16 STUDIES IN HUMAN SOCIETY,
Segmentation,other irrelevant,
educational research,DIVISION 13 EDUCATION,
Facebook,"DIVISION 20 LANGUAGE, COMMUNICATION AND CULTURE",DIVISION 17 PSYCHOLOGY AND COGNITIVE SCIENCES
disaster,DIVISION 05 ENVIRONMENTAL SCIENCES,
Carbidopa,other irrelevant,
research project,research related,
technological change,DIVISION 09 ENGINEERING,
Physiological Adaptation,DIVISION 17 PSYCHOLOGY AND COGNITIVE SCIENCES,
Data Base,DIVISION 08 INFORMATION AND COMPUTING SCIENCES,
Planning,other irrelevant,
Psychological,DIVISION 17 PSYCHOLOGY AND COGNITIVE SCIENCES,
High performance liquid chromatography,DIVISION 03 CHEMICAL SCIENCES,
Cell Death,DIVISION 06 BIOLOGICAL SCIENCES,
public transport,"DIVISION 15 COMMERCE, MANAGEMENT, TOURISM AND SERVICES",
Public Interest,DIVISION 16 STUDIES IN HUMAN SOCIETY,
water quality,DIVISION 05 ENVIRONMENTAL SCIENCES,
economic system,DIVISION 14 ECONOMICS,
Singapore,other irrelevant,
Sensitivity and Specificity,DIVISION 11 MEDICAL AND HEALTH SCIENCES,
news value,"DIVISION 20 LANGUAGE, COMMUNICATION AND CULTURE",
Habits,DIVISION 11 MEDICAL AND HEALTH SCIENCES,
Breast Feeding,DIVISION 11 MEDICAL AND HEALTH SCIENCES,
Animation,DIVISION 08 INFORMATION AND COMPUTING SCIENCES,
functional foods,DIVISION 11 MEDICAL AND HEALTH SCIENCES,
Victoria (Australia),other irrelevant,
Clone Cells,DIVISION 06 BIOLOGICAL SCIENCES,
PubMed,DIVISION 06 BIOLOGICAL SCIENCES,
athlete,DIVISION 06 BIOLOGICAL SCIENCES,
qualitative research,research related,
physiology,DIVISION 06 BIOLOGICAL SCIENCES,
suburb,DIVISION 12 BUILT ENVIRONMENT AND DESIGN,
Health Occupations,DIVISION 11 MEDICAL AND HEALTH SCIENCES,
Extremities,DIVISION 11 MEDICAL AND HEALTH SCIENCES,
Ecological Momentary Assessment,DIVISION 05 ENVIRONMENTAL SCIENCES,
Publications,"DIVISION 20 LANGUAGE, COMMUNICATION AND CULTURE",
method,research related,
land,DIVISION 07 AGRICULTURAL AND VETERINARY SCIENCES,
UNO,DIVISION 04 EARTH SCIENCES,
Financing,DIVISION 14 ECONOMICS,
Defects,other irrelevant,
stakeholder,research related,
Maccullochella peelii peelii,DIVISION 07 AGRICULTURAL AND VETERINARY SCIENCES,
Access control,DIVISION 09 ENGINEERING,
woman,other irrelevant,
Endurance Training,DIVISION 11 MEDICAL AND HEALTH SCIENCES,
Social Problems,DIVISION 16 STUDIES IN HUMAN SOCIETY,
public health,DIVISION 11 MEDICAL AND HEALTH SCIENCES,
peace process,DIVISION 16 STUDIES IN HUMAN SOCIETY,
book review,DIVISION 19 STUDIES IN CREATIVE ARTS AND WRITING,
Adipose Tissue,DIVISION 11 MEDICAL AND HEALTH SCIENCES,
Nitric Acid,DIVISION 03 CHEMICAL SCIENCES,
Inhibition (Psychology),DIVISION 17 PSYCHOLOGY AND COGNITIVE SCIENCES,
Mixed Methods,research related,
Antioxidants,DIVISION 03 CHEMICAL SCIENCES,
Identification (Psychology),DIVISION 17 PSYCHOLOGY AND COGNITIVE SCIENCES,
Optical flows,DIVISION 02 PHYSICAL SCIENCES,
Reptiles,DIVISION 07 AGRICULTURAL AND VETERINARY SCIENCES,
Maintenance,DIVISION 09 ENGINEERING,
mitigation,other irrelevant,
hydrology,DIVISION 04 EARTH SCIENCES,
Scincidae,DIVISION 07 AGRICULTURAL AND VETERINARY SCIENCES,
government supervision,DIVISION 16 STUDIES IN HUMAN SOCIETY,
editor,"DIVISION 20 LANGUAGE, COMMUNICATION AND CULTURE",
facebook,"DIVISION 20 LANGUAGE, COMMUNICATION AND CULTURE",DIVISION 17 PSYCHOLOGY AND COGNITIVE SCIENCES
predator,DIVISION 05 ENVIRONMENTAL SCIENCES,
representative democracy,DIVISION 16 STUDIES IN HUMAN SOCIETY,
Corporate Governance,"DIVISION 15 COMMERCE, MANAGEMENT, TOURISM AND SERVICES",
empowerment,DIVISION 18 LAW AND LEGAL,
asymmetry,DIVISION 01 MATHEMATICAL SCIENCES,
World War I,DIVISION 21 HISTORY AND ARCHAEOLOGY,
intersectionality,other irrelevant,
Population Growth,DIVISION 16 STUDIES IN HUMAN SOCIETY,
social status,DIVISION 16 STUDIES IN HUMAN SOCIETY,
educational practice,DIVISION 13 EDUCATION,
Urban Renewal,DIVISION 12 BUILT ENVIRONMENT AND DESIGN,
Big data,DIVISION 08 INFORMATION AND COMPUTING SCIENCES,
inhabitant,DIVISION 16 STUDIES IN HUMAN SOCIETY,
"Health Knowledge, Attitudes, Practice",DIVISION 17 PSYCHOLOGY AND COGNITIVE SCIENCES,
Apoptosis,DIVISION 06 BIOLOGICAL SCIENCES,
Paint,DIVISION 19 STUDIES IN CREATIVE ARTS AND WRITING,
Emerging Asian Countries,other irrelevant,
Family Income,DIVISION 16 STUDIES IN HUMAN SOCIETY,
world,other irrelevant,
Journalists,DIVISION 19 STUDIES IN CREATIVE ARTS AND WRITING,
Pleasure,DIVISION 17 PSYCHOLOGY AND COGNITIVE SCIENCES,
loss,other irrelevant,
Near infrared spectroscopy,DIVISION 02 PHYSICAL SCIENCES,
developing world,other irrelevant,
quinine,DIVISION 11 MEDICAL AND HEALTH SCIENCES,
construction industry,DIVISION 12 BUILT ENVIRONMENT AND DESIGN,
Internet of things,DIVISION 08 INFORMATION AND COMPUTING SCIENCES,
researchers,other irrelevant,
communication technology,DIVISION 08 INFORMATION AND COMPUTING SCIENCES,
Mask,DIVISION 11 MEDICAL AND HEALTH SCIENCES,
Feeding and Eating Disorders,DIVISION 11 MEDICAL AND HEALTH SCIENCES,DIVISION 17 PSYCHOLOGY AND COGNITIVE SCIENCES
trauma,DIVISION 17 PSYCHOLOGY AND COGNITIVE SCIENCES,
Emotion,DIVISION 17 PSYCHOLOGY AND COGNITIVE SCIENCES,
Phylogeography,DIVISION 04 EARTH SCIENCES,
Social Networking,"DIVISION 20 LANGUAGE, COMMUNICATION AND CULTURE",DIVISION 16 STUDIES IN HUMAN SOCIETY
East-Timor,other irrelevant,
VIP,other irrelevant,
typology,research related,
soldier,other relevant,
Anterior Cruciate Ligament Injuries,DIVISION 11 MEDICAL AND HEALTH SCIENCES,
Food Supply,DIVISION 07 AGRICULTURAL AND VETERINARY SCIENCES,
Australasia,other irrelevant,
Lakes,DIVISION 04 EARTH SCIENCES,
employee,DIVISION 16 STUDIES IN HUMAN SOCIETY,
Accelerometry,DIVISION 11 MEDICAL AND HEALTH SCIENCES,
Systematic Review,research related,
social effects,other irrelevant,
Basketball,other irrelevant,
waist circumference,DIVISION 11 MEDICAL AND HEALTH SCIENCES,
innovation,other irrelevant,
assays,DIVISION 06 BIOLOGICAL SCIENCES,
Accidental Falls,DIVISION 11 MEDICAL AND HEALTH SCIENCES,
twentieth century,other irrelevant,
hydrological change,DIVISION 05 ENVIRONMENTAL SCIENCES,
Logic,DIVISION 09 ENGINEERING,
Performance Measurement,other irrelevant,
Emotions,DIVISION 17 PSYCHOLOGY AND COGNITIVE SCIENCES,
Sitting Position,DIVISION 17 PSYCHOLOGY AND COGNITIVE SCIENCES,
social isolation,DIVISION 17 PSYCHOLOGY AND COGNITIVE SCIENCES,
treaty,DIVISION 18 LAW AND LEGAL,
Negotiating,"DIVISION 15 COMMERCE, MANAGEMENT, TOURISM AND SERVICES",
human health,DIVISION 11 MEDICAL AND HEALTH SCIENCES,
Sexual and Gender Minorities,DIVISION 16 STUDIES IN HUMAN SOCIETY,
Grassland,DIVISION 04 EARTH SCIENCES,
Ownership,DIVISION 18 LAW AND LEGAL,
hacker,DIVISION 08 INFORMATION AND COMPUTING SCIENCES,
Non-Randomized Controlled Trials,research related,
Percutaneous Coronary Intervention,DIVISION 11 MEDICAL AND HEALTH SCIENCES,
paper,DIVISION 09 ENGINEERING,
anthropology,DIVISION 21 HISTORY AND ARCHAEOLOGY,
Triticum,DIVISION 07 AGRICULTURAL AND VETERINARY SCIENCES,
Pregnant Women,DIVISION 11 MEDICAL AND HEALTH SCIENCES,
Narcissism,DIVISION 17 PSYCHOLOGY AND COGNITIVE SCIENCES,
demographic statistics,DIVISION 16 STUDIES IN HUMAN SOCIETY,
Normative Theory,other irrelevant,
village,DIVISION 07 AGRICULTURAL AND VETERINARY SCIENCES,
Social Theory,DIVISION 16 STUDIES IN HUMAN SOCIETY,
Industrial Design,DIVISION 09 ENGINEERING,
labor,DIVISION 16 STUDIES IN HUMAN SOCIETY,
language policy,"DIVISION 20 LANGUAGE, COMMUNICATION AND CULTURE",
Safety,DIVISION 16 STUDIES IN HUMAN SOCIETY,
Drought,DIVISION 07 AGRICULTURAL AND VETERINARY SCIENCES,
Case Management,research related,
television,DIVISION 09 ENGINEERING,
Immunization,DIVISION 17 PSYCHOLOGY AND COGNITIVE SCIENCES,
political participation,DIVISION 16 STUDIES IN HUMAN SOCIETY,
Macular Degeneration,DIVISION 11 MEDICAL AND HEALTH SCIENCES,
Village,DIVISION 07 AGRICULTURAL AND VETERINARY SCIENCES,
economic geography,DIVISION 14 ECONOMICS,
flexibility,other irrelevant,
student teacher,DIVISION 13 EDUCATION,
Relationship Commitment,"DIVISION 20 LANGUAGE, COMMUNICATION AND CULTURE",
Neoliberalism,"DIVISION 20 LANGUAGE, COMMUNICATION AND CULTURE",
Fatigue of materials,DIVISION 09 ENGINEERING,
Environmental Health,DIVISION 11 MEDICAL AND HEALTH SCIENCES,
athletes,DIVISION 11 MEDICAL AND HEALTH SCIENCES,
retirement age,"DIVISION 20 LANGUAGE, COMMUNICATION AND CULTURE",
Diary,DIVISION 11 MEDICAL AND HEALTH SCIENCES,
environmental factors,research related,
Chromosome Mapping,DIVISION 06 BIOLOGICAL SCIENCES,
Cost-Benefit Analysis,DIVISION 14 ECONOMICS,
Chronic Pain,DIVISION 11 MEDICAL AND HEALTH SCIENCES,
Income Poverty,DIVISION 16 STUDIES IN HUMAN SOCIETY,
Venous Thromboembolism,DIVISION 11 MEDICAL AND HEALTH SCIENCES,
currency,DIVISION 14 ECONOMICS,
Epidemiology,DIVISION 11 MEDICAL AND HEALTH SCIENCES,
Interoperability,DIVISION 08 INFORMATION AND COMPUTING SCIENCES,
Controllers,DIVISION 09 ENGINEERING,
Minerals,DIVISION 04 EARTH SCIENCES,
Carbon Monoxide,DIVISION 03 CHEMICAL SCIENCES,
measuring,other irrelevant,
Cluster Analysis,DIVISION 08 INFORMATION AND COMPUTING SCIENCES,
Automobiles,DIVISION 09 ENGINEERING,
Cyber Physical System,DIVISION 08 INFORMATION AND COMPUTING SCIENCES,
Soils,DIVISION 07 AGRICULTURAL AND VETERINARY SCIENCES,
Sales,"DIVISION 15 COMMERCE, MANAGEMENT, TOURISM AND SERVICES",
Social Environment,DIVISION 16 STUDIES IN HUMAN SOCIETY,
Iraq,other irrelevant,
Positioning,research related,
firm,"DIVISION 15 COMMERCE, MANAGEMENT, TOURISM AND SERVICES",
predators,DIVISION 07 AGRICULTURAL AND VETERINARY SCIENCES,
low income,DIVISION 14 ECONOMICS,
Disaster,DIVISION 11 MEDICAL AND HEALTH SCIENCES,
school education,DIVISION 13 EDUCATION,
private sector,DIVISION 16 STUDIES IN HUMAN SOCIETY,
young adult,DIVISION 13 EDUCATION,
Antennas,DIVISION 10 TECHNOLOGY,
Skills,other irrelevant,
Respect,"DIVISION 20 LANGUAGE, COMMUNICATION AND CULTURE",
Delivery of Health Care,DIVISION 11 MEDICAL AND HEALTH SCIENCES,
incubation,DIVISION 07 AGRICULTURAL AND VETERINARY SCIENCES,
Modeling,research related,
Groundwater,DIVISION 04 EARTH SCIENCES,
retapamulin,DIVISION 11 MEDICAL AND HEALTH SCIENCES,
Nutrition Policy,DIVISION 11 MEDICAL AND HEALTH SCIENCES,
psychology student,DIVISION 17 PSYCHOLOGY AND COGNITIVE SCIENCES,
constructivism,other irrelevant,
political attitude,DIVISION 16 STUDIES IN HUMAN SOCIETY,
Resistance Training,DIVISION 11 MEDICAL AND HEALTH SCIENCES,
Cultural Diversity,"DIVISION 20 LANGUAGE, COMMUNICATION AND CULTURE",
Family Business,"DIVISION 15 COMMERCE, MANAGEMENT, TOURISM AND SERVICES",
health practitioners,DIVISION 11 MEDICAL AND HEALTH SCIENCES,
Nursing Models,DIVISION 11 MEDICAL AND HEALTH SCIENCES,
Tensors,DIVISION 01 MATHEMATICAL SCIENCES,
Disease Management,DIVISION 11 MEDICAL AND HEALTH SCIENCES,
Deliberative Democracy,DIVISION 16 STUDIES IN HUMAN SOCIETY,
Acceleration,DIVISION 02 PHYSICAL SCIENCES,
Microsimulation,research related,
Intention,other irrelevant,
sports science,DIVISION 11 MEDICAL AND HEALTH SCIENCES,
Pediatrics,DIVISION 11 MEDICAL AND HEALTH SCIENCES,
Information Modeling,DIVISION 08 INFORMATION AND COMPUTING SCIENCES,
Mucosal Immunity,DIVISION 11 MEDICAL AND HEALTH SCIENCES,
Forestry,DIVISION 07 AGRICULTURAL AND VETERINARY SCIENCES,
Monitoring,DIVISION 08 INFORMATION AND COMPUTING SCIENCES,
time,other irrelevant,
Occupational Health,DIVISION 11 MEDICAL AND HEALTH SCIENCES,
Meals,DIVISION 11 MEDICAL AND HEALTH SCIENCES,
glycohemoglobin,DIVISION 11 MEDICAL AND HEALTH SCIENCES,
Confusion,DIVISION 17 PSYCHOLOGY AND COGNITIVE SCIENCES,
Census,DIVISION 16 STUDIES IN HUMAN SOCIETY,
pain,DIVISION 11 MEDICAL AND HEALTH SCIENCES,
Mitochondrial Genome,DIVISION 06 BIOLOGICAL SCIENCES,
Hospitalization,DIVISION 11 MEDICAL AND HEALTH SCIENCES,
Body Weight,DIVISION 11 MEDICAL AND HEALTH SCIENCES,
benchmarking,DIVISION 08 INFORMATION AND COMPUTING SCIENCES,
Iron,DIVISION 04 EARTH SCIENCES,
Interpersonal Relations,"DIVISION 20 LANGUAGE, COMMUNICATION AND CULTURE",
Methodology,other irrelevant,
genetic variation,DIVISION 06 BIOLOGICAL SCIENCES,
police,DIVISION 18 LAW AND LEGAL,
Eye,DIVISION 11 MEDICAL AND HEALTH SCIENCES,
social inequality,DIVISION 16 STUDIES IN HUMAN SOCIETY,
legal system,DIVISION 18 LAW AND LEGAL,
Blood Platelets,DIVISION 11 MEDICAL AND HEALTH SCIENCES,
Labor,DIVISION 16 STUDIES IN HUMAN SOCIETY,
environmental policy,DIVISION 05 ENVIRONMENTAL SCIENCES,
Older People,DIVISION 11 MEDICAL AND HEALTH SCIENCES,
Anxiety,DIVISION 17 PSYCHOLOGY AND COGNITIVE SCIENCES,
Administrative Personnel,DIVISION 16 STUDIES IN HUMAN SOCIETY,
Clinical Practice,DIVISION 11 MEDICAL AND HEALTH SCIENCES,
curriculum development,DIVISION 13 EDUCATION,
storage conditions,DIVISION 07 AGRICULTURAL AND VETERINARY SCIENCES,
cultural difference,"DIVISION 20 LANGUAGE, COMMUNICATION AND CULTURE",
Qualitative Study,research related,
dialect,"DIVISION 20 LANGUAGE, COMMUNICATION AND CULTURE",
gene flow,DIVISION 06 BIOLOGICAL SCIENCES,
Poetry,DIVISION 19 STUDIES IN CREATIVE ARTS AND WRITING,
Acetaminophen,DIVISION 11 MEDICAL AND HEALTH SCIENCES,
privilege,DIVISION 16 STUDIES IN HUMAN SOCIETY,
public administration,DIVISION 16 STUDIES IN HUMAN SOCIETY,
drying,DIVISION 05 ENVIRONMENTAL SCIENCES,
information and communication technology,DIVISION 08 INFORMATION AND COMPUTING SCIENCES,
Heart,DIVISION 11 MEDICAL AND HEALTH SCIENCES,
Parastacidae,DIVISION 07 AGRICULTURAL AND VETERINARY SCIENCES,
regulation,DIVISION 18 LAW AND LEGAL,
Linkage,DIVISION 06 BIOLOGICAL SCIENCES,
Organic carbon,DIVISION 03 CHEMICAL SCIENCES,
Wine,DIVISION 09 ENGINEERING,
Fruit,DIVISION 07 AGRICULTURAL AND VETERINARY SCIENCES,
Emergency,DIVISION 11 MEDICAL AND HEALTH SCIENCES,
Electroencephalography,DIVISION 11 MEDICAL AND HEALTH SCIENCES,
Interferons,DIVISION 11 MEDICAL AND HEALTH SCIENCES,
friendship,"DIVISION 20 LANGUAGE, COMMUNICATION AND CULTURE",
Public Services,"DIVISION 15 COMMERCE, MANAGEMENT, TOURISM AND SERVICES",
profession,other irrelevant,
confidence,DIVISION 17 PSYCHOLOGY AND COGNITIVE SCIENCES,
invertebrate,DIVISION 07 AGRICULTURAL AND VETERINARY SCIENCES,
travel,"DIVISION 15 COMMERCE, MANAGEMENT, TOURISM AND SERVICES",
resource management,DIVISION 05 ENVIRONMENTAL SCIENCES,
Populism,DIVISION 16 STUDIES IN HUMAN SOCIETY,
Globalization,"DIVISION 15 COMMERCE, MANAGEMENT, TOURISM AND SERVICES",
Olympic Games,research related,
Noise,DIVISION 02 PHYSICAL SCIENCES,
social capital,"DIVISION 15 COMMERCE, MANAGEMENT, TOURISM AND SERVICES",
Muslims,DIVISION 22 PHILOSOPHY AND RELIGIOUS STUDIES,
Assemblages,other irrelevant,
Weight Gain,DIVISION 11 MEDICAL AND HEALTH SCIENCES,
Alcohol Drinking,DIVISION 11 MEDICAL AND HEALTH SCIENCES,
cluster analysis,research related,
Criminal Justice,DIVISION 18 LAW AND LEGAL,
Policy Making,DIVISION 16 STUDIES IN HUMAN SOCIETY,
mythology,DIVISION 21 HISTORY AND ARCHAEOLOGY,
airport,"DIVISION 15 COMMERCE, MANAGEMENT, TOURISM AND SERVICES",
Communicable Diseases,DIVISION 11 MEDICAL AND HEALTH SCIENCES,
Community Engagement,"DIVISION 15 COMMERCE, MANAGEMENT, TOURISM AND SERVICES",
Classifiers,other irrelevant,
habitats,DIVISION 05 ENVIRONMENTAL SCIENCES,
Confidence Intervals,DIVISION 08 INFORMATION AND COMPUTING SCIENCES,
river system,DIVISION 04 EARTH SCIENCES,
modernity,"DIVISION 20 LANGUAGE, COMMUNICATION AND CULTURE",
community service,DIVISION 16 STUDIES IN HUMAN SOCIETY,
Electric Impedance,DIVISION 02 PHYSICAL SCIENCES,
Unemployment,DIVISION 16 STUDIES IN HUMAN SOCIETY,
mouth,DIVISION 11 MEDICAL AND HEALTH SCIENCES,
Visual Fields,DIVISION 02 PHYSICAL SCIENCES,
family,DIVISION 11 MEDICAL AND HEALTH SCIENCES,
Machine Learning,DIVISION 08 INFORMATION AND COMPUTING SCIENCES,
Hospital Costs,DIVISION 11 MEDICAL AND HEALTH SCIENCES,
fish,DIVISION 07 AGRICULTURAL AND VETERINARY SCIENCES,
coal,DIVISION 04 EARTH SCIENCES,
rural area,DIVISION 12 BUILT ENVIRONMENT AND DESIGN,
Public-private Partnerships,DIVISION 16 STUDIES IN HUMAN SOCIETY,
Suppliers,DIVISION 09 ENGINEERING,
cognitive ability,DIVISION 11 MEDICAL AND HEALTH SCIENCES,
Health Status,DIVISION 11 MEDICAL AND HEALTH SCIENCES,
Lung Neoplasms,DIVISION 11 MEDICAL AND HEALTH SCIENCES,
Punishment,DIVISION 17 PSYCHOLOGY AND COGNITIVE SCIENCES,
price,"DIVISION 15 COMMERCE, MANAGEMENT, TOURISM AND SERVICES",
economic change,DIVISION 14 ECONOMICS,
Ligaments,DIVISION 11 MEDICAL AND HEALTH SCIENCES,
Self-efficacy,DIVISION 11 MEDICAL AND HEALTH SCIENCES,
smoking,DIVISION 11 MEDICAL AND HEALTH SCIENCES,
research practice,other irrelevant,
Project management,"DIVISION 15 COMMERCE, MANAGEMENT, TOURISM AND SERVICES",
Pandemics,DIVISION 11 MEDICAL AND HEALTH SCIENCES,
carbon sequestration,DIVISION 03 CHEMICAL SCIENCES,
Electric network analysis,DIVISION 10 TECHNOLOGY,
invasive species,DIVISION 05 ENVIRONMENTAL SCIENCES,
mediation,research related,
Cultural Identity,"DIVISION 20 LANGUAGE, COMMUNICATION AND CULTURE",
Gray Matter,DIVISION 11 MEDICAL AND HEALTH SCIENCES,
levodopa drug combination carbidopa,DIVISION 11 MEDICAL AND HEALTH SCIENCES,
rocks,DIVISION 04 EARTH SCIENCES,
Social Skills,DIVISION 16 STUDIES IN HUMAN SOCIETY,
Mathematics,DIVISION 01 MATHEMATICAL SCIENCES,
Land use,DIVISION 12 BUILT ENVIRONMENT AND DESIGN,
Metabolic Syndrome,DIVISION 11 MEDICAL AND HEALTH SCIENCES,
pandemics,DIVISION 11 MEDICAL AND HEALTH SCIENCES,
water scarcity,DIVISION 05 ENVIRONMENTAL SCIENCES,
music,DIVISION 19 STUDIES IN CREATIVE ARTS AND WRITIN,
Design,"DIVISION 15 COMMERCE, MANAGEMENT, TOURISM AND SERVICES",
Software defined networking,DIVISION 08 INFORMATION AND COMPUTING SCIENCES,
Trace Elements,DIVISION 11 MEDICAL AND HEALTH SCIENCES,
Financial Data,"DIVISION 15 COMMERCE, MANAGEMENT, TOURISM AND SERVICES",
city,DIVISION 12 BUILT ENVIRONMENT AND DESIGN,
Teacher Training,DIVISION 13 EDUCATION,
Karyotype,DIVISION 06 BIOLOGICAL SCIENCES,
City Planning,DIVISION 12 BUILT ENVIRONMENT AND DESIGN,
Risk Assessment,research related,
biodiversity,DIVISION 05 ENVIRONMENTAL SCIENCES,
Zinc,DIVISION 03 CHEMICAL SCIENCES,
Behavioral Sciences,DIVISION 17 PSYCHOLOGY AND COGNITIVE SCIENCES,
bivalve,DIVISION 07 AGRICULTURAL AND VETERINARY SCIENCES,
Rural Population,DIVISION 16 STUDIES IN HUMAN SOCIETY,
Smart city,DIVISION 08 INFORMATION AND COMPUTING SCIENCES,
Open Source,research related,
home range,other irrelevant,
Physical Activity,DIVISION 17 PSYCHOLOGY AND COGNITIVE SCIENCES,
marketing,"DIVISION 15 COMMERCE, MANAGEMENT, TOURISM AND SERVICES",
Curriculum,DIVISION 13 EDUCATION,
Motor Vehicles,DIVISION 09 ENGINEERING,
Sociology,DIVISION 16 STUDIES IN HUMAN SOCIETY,
mountain,DIVISION 04 EARTH SCIENCES,
Pharmaceutical Preparations,DIVISION 11 MEDICAL AND HEALTH SCIENCES,
protected area,DIVISION 05 ENVIRONMENTAL SCIENCES,
coverage,other irrelevant,
mitochondrial DNA,DIVISION 06 BIOLOGICAL SCIENCES,
plant community,DIVISION 07 AGRICULTURAL AND VETERINARY SCIENCES,
neighboring countries,other relevant,
town,DIVISION 12 BUILT ENVIRONMENT AND DESIGN,
speaking,DIVISION 13 EDUCATION,
Decision Making,other irrelevant,
Discrimination (Psychology),DIVISION 17 PSYCHOLOGY AND COGNITIVE SCIENCES,
intercultural communication,"DIVISION 20 LANGUAGE, COMMUNICATION AND CULTURE",
moral philosophy,DIVISION 22 PHILOSOPHY AND RELIGIOUS STUDIES,
Neural Networks,DIVISION 11 MEDICAL AND HEALTH SCIENCES,
Alliances,other irrelevant,
occupation,DIVISION 16 STUDIES IN HUMAN SOCIETY,
Banking Sector,"DIVISION 15 COMMERCE, MANAGEMENT, TOURISM AND SERVICES",
cultural heritage,"DIVISION 20 LANGUAGE, COMMUNICATION AND CULTURE",
Beverages,DIVISION 11 MEDICAL AND HEALTH SCIENCES,
deliberative democracy,DIVISION 16 STUDIES IN HUMAN SOCIETY,
Occupations,DIVISION 16 STUDIES IN HUMAN SOCIETY,
global climate,DIVISION 05 ENVIRONMENTAL SCIENCES,
water,DIVISION 05 ENVIRONMENTAL SCIENCES,
holistic approach,research related,
news,DIVISION 19 STUDIES IN CREATIVE ARTS AND WRITING,
development project,"DIVISION 15 COMMERCE, MANAGEMENT, TOURISM AND SERVICES",
public management,DIVISION 16 STUDIES IN HUMAN SOCIETY,
Vaccination,DIVISION 11 MEDICAL AND HEALTH SCIENCES,
Middle Aged,DIVISION 11 MEDICAL AND HEALTH SCIENCES,
voting,DIVISION 16 STUDIES IN HUMAN SOCIETY,
Choice Behavior,DIVISION 17 PSYCHOLOGY AND COGNITIVE SCIENCES,
pragmatics,"DIVISION 20 LANGUAGE, COMMUNICATION AND CULTURE",
social psychology,DIVISION 17 PSYCHOLOGY AND COGNITIVE SCIENCES,
Anti-Inflammatory Agents,DIVISION 11 MEDICAL AND HEALTH SCIENCES,
Signal-To-Noise Ratio,DIVISION 08 INFORMATION AND COMPUTING SCIENCES,
website,DIVISION 08 INFORMATION AND COMPUTING SCIENCES,
exploitation,DIVISION 05 ENVIRONMENTAL SCIENCES,
Genetic algorithms,DIVISION 06 BIOLOGICAL SCIENCES,
Museums,DIVISION 19 STUDIES IN CREATIVE ARTS AND WRITING,
horses,DIVISION 07 AGRICULTURAL AND VETERINARY SCIENCES,
Geography,DIVISION 04 EARTH SCIENCES,
Threat,research related,
Electric vehicles,DIVISION 09 ENGINEERING,
Statistical methods,DIVISION 09 ENGINEERING,
social network,"DIVISION 20 LANGUAGE, COMMUNICATION AND CULTURE",
residential areas,DIVISION 12 BUILT ENVIRONMENT AND DESIGN,
Influence,other irrelevant,
Technology,other irrelevant,
location factors,other irrelevant,
resources,other irrelevant,
retirement,DIVISION 16 STUDIES IN HUMAN SOCIETY,
Inbreeding,DIVISION 06 BIOLOGICAL SCIENCES,
Blockchain,DIVISION 08 INFORMATION AND COMPUTING SCIENCES,
Health Services Research,DIVISION 11 MEDICAL AND HEALTH SCIENCES,
Hygiene,DIVISION 11 MEDICAL AND HEALTH SCIENCES,
Liability,DIVISION 16 STUDIES IN HUMAN SOCIETY,
worldview,DIVISION 16 STUDIES IN HUMAN SOCIETY,
Writer,DIVISION 19 STUDIES IN CREATIVE ARTS AND WRITING,
Mass Spectrometry,DIVISION 02 PHYSICAL SCIENCES,
social cohesion,DIVISION 16 STUDIES IN HUMAN SOCIETY,
climate change adaptation,DIVISION 05 ENVIRONMENTAL SCIENCES,
financial performance,"DIVISION 15 COMMERCE, MANAGEMENT, TOURISM AND SERVICES",
Polymerase Chain Reaction,DIVISION 06 BIOLOGICAL SCIENCES,
legal status,DIVISION 18 LAW AND LEGAL,
demand,other irrelevant,
Observation,other irrelevant,
vacation,"DIVISION 15 COMMERCE, MANAGEMENT, TOURISM AND SERVICES",
substitution,other irrelevant,
Physical Functional Performance,DIVISION 06 BIOLOGICAL SCIENCES,
industry,DIVISION 09 ENGINEERING,
Health care professionals,DIVISION 11 MEDICAL AND HEALTH SCIENCES,
Lactic Acid,DIVISION 03 CHEMICAL SCIENCES,
Industrial Designs,DIVISION 09 ENGINEERING,
Coronary Disease,DIVISION 11 MEDICAL AND HEALTH SCIENCES,
Tourism Research,"DIVISION 15 COMMERCE, MANAGEMENT, TOURISM AND SERVICES",
Myocardial Ischemia,DIVISION 11 MEDICAL AND HEALTH SCIENCES,
supervision,DIVISION 08 INFORMATION AND COMPUTING SCIENCES,
action research,DIVISION 17 PSYCHOLOGY AND COGNITIVE SCIENCES,
sustainable development,DIVISION 05 ENVIRONMENTAL SCIENCES,
Reflexivity,DIVISION 01 MATHEMATICAL SCIENCES,
Malathion,DIVISION 05 ENVIRONMENTAL SCIENCES,
neoliberalism,DIVISION 16 STUDIES IN HUMAN SOCIETY,
air,DIVISION 05 ENVIRONMENTAL SCIENCES,
Jurisdiction,DIVISION 18 LAW AND LEGAL,
engineer,DIVISION 09 ENGINEERING,
Information and Communication Technology,DIVISION 08 INFORMATION AND COMPUTING SCIENCES,
mortality,DIVISION 17 PSYCHOLOGY AND COGNITIVE SCIENCES,
Chickens,DIVISION 07 AGRICULTURAL AND VETERINARY SCIENCES,
Jurisprudence,DIVISION 18 LAW AND LEGAL,
Macros,other irrelevant,
Climate Change,DIVISION 05 ENVIRONMENTAL SCIENCES,
Terrorism,DIVISION 16 STUDIES IN HUMAN SOCIETY,
Suicidal Ideation,DIVISION 11 MEDICAL AND HEALTH SCIENCES,
Counseling,DIVISION 17 PSYCHOLOGY AND COGNITIVE SCIENCES,
detection,DIVISION 11 MEDICAL AND HEALTH SCIENCES,
Smoking Cessation,DIVISION 11 MEDICAL AND HEALTH SCIENCES,
Goods,DIVISION 09 ENGINEERING,
Perches,DIVISION 07 AGRICULTURAL AND VETERINARY SCIENCES,
Democratic Theory,DIVISION 16 STUDIES IN HUMAN SOCIETY,
Incivility,research related,
Financial Markets,"DIVISION 15 COMMERCE, MANAGEMENT, TOURISM AND SERVICES",
migrant,DIVISION 16 STUDIES IN HUMAN SOCIETY,
Imaging techniques,DIVISION 08 INFORMATION AND COMPUTING SCIENCES,
Cryptography,DIVISION 08 INFORMATION AND COMPUTING SCIENCES,
Sex Characteristics,DIVISION 17 PSYCHOLOGY AND COGNITIVE SCIENCES,
catchment,DIVISION 07 AGRICULTURAL AND VETERINARY SCIENCES,
Psychological Stress,DIVISION 17 PSYCHOLOGY AND COGNITIVE SCIENCES,
Income Tax,DIVISION 14 ECONOMICS,
violence,DIVISION 18 LAW AND LEGAL,
political economy,DIVISION 14 ECONOMICS,
expert,research related,
producer,research related,
methodology,research related,
Elasticity,research related,
Corruption,DIVISION 16 STUDIES IN HUMAN SOCIETY,
green tea,DIVISION 07 AGRICULTURAL AND VETERINARY SCIENCES,
Peers,DIVISION 16 STUDIES IN HUMAN SOCIETY,
Vitamin B Complex,DIVISION 11 MEDICAL AND HEALTH SCIENCES,
Obesity,DIVISION 11 MEDICAL AND HEALTH SCIENCES,
Income,DIVISION 14 ECONOMICS,
canopy,DIVISION 07 AGRICULTURAL AND VETERINARY SCIENCES,
repetitive sequences,DIVISION 06 BIOLOGICAL SCIENCES,
Fatty Acid-Binding Proteins,DIVISION 06 BIOLOGICAL SCIENCES,
Gene expression,DIVISION 06 BIOLOGICAL SCIENCES,
Sports Medicine,DIVISION 11 MEDICAL AND HEALTH SCIENCES,
ecosystem services,DIVISION 05 ENVIRONMENTAL SCIENCES,
Jordan,other irrelevant,
Assays,DIVISION 06 BIOLOGICAL SCIENCES,
health,DIVISION 11 MEDICAL AND HEALTH SCIENCES,
public participation,DIVISION 16 STUDIES IN HUMAN SOCIETY,
Logistics,"DIVISION 15 COMMERCE, MANAGEMENT, TOURISM AND SERVICES",
Gene Expression,DIVISION 06 BIOLOGICAL SCIENCES,
UNESCO,research related,
Torsades de Pointes,DIVISION 11 MEDICAL AND HEALTH SCIENCES,
Decapoda,DIVISION 07 AGRICULTURAL AND VETERINARY SCIENCES,
Group Homes,other irrelevant,
Masks,DIVISION 10 TECHNOLOGY,
Medical imaging,DIVISION 11 MEDICAL AND HEALTH SCIENCES,
Recurrent neural networks,DIVISION 08 INFORMATION AND COMPUTING SCIENCES,
Cancer Survivors,DIVISION 11 MEDICAL AND HEALTH SCIENCES,
communications,DIVISION 08 INFORMATION AND COMPUTING SCIENCES,
Costs and Cost Analysis,"DIVISION 15 COMMERCE, MANAGEMENT, TOURISM AND SERVICES",
reform,other irrelevant,
Labour Party,DIVISION 16 STUDIES IN HUMAN SOCIETY,
sediment,DIVISION 04 EARTH SCIENCES,
frogs,DIVISION 07 AGRICULTURAL AND VETERINARY SCIENCES,
trial,DIVISION 11 MEDICAL AND HEALTH SCIENCES,
manuka honey,DIVISION 07 AGRICULTURAL AND VETERINARY SCIENCES,
livestock,DIVISION 07 AGRICULTURAL AND VETERINARY SCIENCES,
First World War,DIVISION 21 HISTORY AND ARCHAEOLOGY,
parliament,DIVISION 16 STUDIES IN HUMAN SOCIETY,
Resources,DIVISION 05 ENVIRONMENTAL SCIENCES,
sensory properties,DIVISION 11 MEDICAL AND HEALTH SCIENCES,
Biometrics,DIVISION 06 BIOLOGICAL SCIENCES,
cultural identity,"DIVISION 20 LANGUAGE, COMMUNICATION AND CULTURE",
Papua-New Guinea,other irrelevant,
mental health support,DIVISION 11 MEDICAL AND HEALTH SCIENCES,
Acupuncture,DIVISION 11 MEDICAL AND HEALTH SCIENCES,
quantitative method,research related,
Autonomy,DIVISION 09 ENGINEERING,
First Nations,"DIVISION 20 LANGUAGE, COMMUNICATION AND CULTURE",
pluralism,research related,
Social Responsibility,DIVISION 16 STUDIES IN HUMAN SOCIETY,
accused,DIVISION 18 LAW AND LEGAL,
Wireless networks,DIVISION 10 TECHNOLOGY,
Emotion Recognition,DIVISION 17 PSYCHOLOGY AND COGNITIVE SCIENCES,
Blood Vessels,DIVISION 11 MEDICAL AND HEALTH SCIENCES,
cross-sectional study,research related,
Fishes,DIVISION 07 AGRICULTURAL AND VETERINARY SCIENCES,
Scotland,other irrelevant,
Exegesis,DIVISION 22 PHILOSOPHY AND RELIGIOUS STUDIES,
multivariate analysis,DIVISION 08 INFORMATION AND COMPUTING SCIENCES,
Chelidae,DIVISION 07 AGRICULTURAL AND VETERINARY SCIENCES,
Gene Flow,DIVISION 06 BIOLOGICAL SCIENCES,
Sex Determination Processes,DIVISION 17 PSYCHOLOGY AND COGNITIVE SCIENCES,
Police,DIVISION 18 LAW AND LEGAL,
Fusion reactions,DIVISION 02 PHYSICAL SCIENCES,
Acclimatization,DIVISION 11 MEDICAL AND HEALTH SCIENCES,
Economic Growth,DIVISION 14 ECONOMICS,
Hemoglobins,DIVISION 11 MEDICAL AND HEALTH SCIENCES,
Common Cold,DIVISION 11 MEDICAL AND HEALTH SCIENCES,
Prediabetic State,DIVISION 11 MEDICAL AND HEALTH SCIENCES,
Statistics,DIVISION 01 MATHEMATICAL SCIENCES,
Compassion Fatigue,DIVISION 17 PSYCHOLOGY AND COGNITIVE SCIENCES,
Learning algorithms,DIVISION 08 INFORMATION AND COMPUTING SCIENCES,
scandal,"DIVISION 20 LANGUAGE, COMMUNICATION AND CULTURE",
qualification,other irrelevant,
social economics,DIVISION 14 ECONOMICS,
Lenses,DIVISION 11 MEDICAL AND HEALTH SCIENCES,
instruction,other irrelevant,
Adaptive boosting,DIVISION 09 ENGINEERING,
economic impact,DIVISION 14 ECONOMICS,
Oxygen Consumption,DIVISION 04 EARTH SCIENCES,
Guidelines,other irrelevant,
assault,DIVISION 16 STUDIES IN HUMAN SOCIETY,
dismissal,DIVISION 16 STUDIES IN HUMAN SOCIETY,
income,DIVISION 14 ECONOMICS,
Reuse,DIVISION 05 ENVIRONMENTAL SCIENCES,
Compliance,other irrelevant,
social value,DIVISION 16 STUDIES IN HUMAN SOCIETY,
interest group,other irrelevant,
household income,DIVISION 14 ECONOMICS,
Taxes,DIVISION 14 ECONOMICS,
South Australia,other irrelevant,
medication,DIVISION 11 MEDICAL AND HEALTH SCIENCES,
Quadriceps Muscle,DIVISION 11 MEDICAL AND HEALTH SCIENCES,
Breast,DIVISION 11 MEDICAL AND HEALTH SCIENCES,
Serogroup,DIVISION 06 BIOLOGICAL SCIENCES,
Episode of Care,DIVISION 11 MEDICAL AND HEALTH SCIENCES,
Light,DIVISION 02 PHYSICAL SCIENCES,
fee,"DIVISION 15 COMMERCE, MANAGEMENT, TOURISM AND SERVICES",
agricultural development,DIVISION 07 AGRICULTURAL AND VETERINARY SCIENCES,
Letters,DIVISION 19 STUDIES IN CREATIVE ARTS AND WRITING,
nutrient,DIVISION 07 AGRICULTURAL AND VETERINARY SCIENCES,
natural resources,DIVISION 05 ENVIRONMENTAL SCIENCES,
Broadcasting,"DIVISION 20 LANGUAGE, COMMUNICATION AND CULTURE",
Fires,DIVISION 05 ENVIRONMENTAL SCIENCES,
Lead,DIVISION 16 STUDIES IN HUMAN SOCIETY,
Diabetes Mellitus,DIVISION 11 MEDICAL AND HEALTH SCIENCES,
Social Movements,DIVISION 16 STUDIES IN HUMAN SOCIETY,
Pain,DIVISION 11 MEDICAL AND HEALTH SCIENCES,
capital city,DIVISION 16 STUDIES IN HUMAN SOCIETY,
Coronavirus,DIVISION 11 MEDICAL AND HEALTH SCIENCES,
threatened species,DIVISION 05 ENVIRONMENTAL SCIENCES,
Serum,DIVISION 11 MEDICAL AND HEALTH SCIENCES,
Humulus,DIVISION 07 AGRICULTURAL AND VETERINARY SCIENCES,
Radio access networks,DIVISION 10 TECHNOLOGY,
nurse,DIVISION 11 MEDICAL AND HEALTH SCIENCES,
Logistic Models,"DIVISION 15 COMMERCE, MANAGEMENT, TOURISM AND SERVICES",
Machine learning,DIVISION 08 INFORMATION AND COMPUTING SCIENCES,
Attention Capture,DIVISION 17 PSYCHOLOGY AND COGNITIVE SCIENCES,
Health,DIVISION 11 MEDICAL AND HEALTH SCIENCES,
Empirical Evidence,research related,
doctrine,DIVISION 16 STUDIES IN HUMAN SOCIETY,
political behavior,DIVISION 16 STUDIES IN HUMAN SOCIETY,
Diet,DIVISION 11 MEDICAL AND HEALTH SCIENCES,
consultation,other irrelevant,
market,"DIVISION 15 COMMERCE, MANAGEMENT, TOURISM AND SERVICES",
High Court,DIVISION 18 LAW AND LEGAL,
Recreation,DIVISION 16 STUDIES IN HUMAN SOCIETY,
tropical diseases,DIVISION 11 MEDICAL AND HEALTH SCIENCES,
staff,DIVISION 16 STUDIES IN HUMAN SOCIETY,
population decline,DIVISION 16 STUDIES IN HUMAN SOCIETY,
Infant Health,DIVISION 11 MEDICAL AND HEALTH SCIENCES,
Antarctica,DIVISION 04 EARTH SCIENCES,
Latent Class Analysis,research related,
Lactation,DIVISION 07 AGRICULTURAL AND VETERINARY SCIENCES,
Waist Circumference,DIVISION 11 MEDICAL AND HEALTH SCIENCES,
Sanitation,DIVISION 11 MEDICAL AND HEALTH SCIENCES,
Post-Traumatic Stress Disorders,DIVISION 11 MEDICAL AND HEALTH SCIENCES,
Widowhood,DIVISION 11 MEDICAL AND HEALTH SCIENCES,
Altruism,DIVISION 17 PSYCHOLOGY AND COGNITIVE SCIENCES,
rating,DIVISION 14 ECONOMICS,
neoplasms,DIVISION 11 MEDICAL AND HEALTH SCIENCES,
Demography,DIVISION 16 STUDIES IN HUMAN SOCIETY,
secondary school,DIVISION 13 EDUCATION,
Legal System,DIVISION 18 LAW AND LEGAL,
Alternative Models,DIVISION 08 INFORMATION AND COMPUTING SCIENCES,
Vision System,DIVISION 09 ENGINEERING,
Basal Metabolism,DIVISION 11 MEDICAL AND HEALTH SCIENCES,
harbor,DIVISION 04 EARTH SCIENCES,
Spatial distribution,research related,
Citizenship,DIVISION 16 STUDIES IN HUMAN SOCIETY,
deliberation,DIVISION 16 STUDIES IN HUMAN SOCIETY,
empirical research,research related,
Deep learning,DIVISION 08 INFORMATION AND COMPUTING SCIENCES,
Authentication,DIVISION 08 INFORMATION AND COMPUTING SCIENCES,
archaeology,DIVISION 21 HISTORY AND ARCHAEOLOGY,
Spine,DIVISION 11 MEDICAL AND HEALTH SCIENCES,
Mothers,DIVISION 11 MEDICAL AND HEALTH SCIENCES,
Rehabilitation,DIVISION 11 MEDICAL AND HEALTH SCIENCES,
budget,DIVISION 14 ECONOMICS,
Evolutionary algorithms,DIVISION 08 INFORMATION AND COMPUTING SCIENCES,
Coal,DIVISION 04 EARTH SCIENCES,
Image processing,DIVISION 08 INFORMATION AND COMPUTING SCIENCES,
Biota,DIVISION 04 EARTH SCIENCES,
snails,DIVISION 07 AGRICULTURAL AND VETERINARY SCIENCES,
tissue,DIVISION 11 MEDICAL AND HEALTH SCIENCES,
cognition,DIVISION 17 PSYCHOLOGY AND COGNITIVE SCIENCES,
Patient Reported Outcome Measures,DIVISION 11 MEDICAL AND HEALTH SCIENCES,
performance,other irrelevant,
child protection,DIVISION 11 MEDICAL AND HEALTH SCIENCES,
Video cameras,DIVISION 09 ENGINEERING,
leadership,DIVISION 16 STUDIES IN HUMAN SOCIETY,
ethnography,DIVISION 21 HISTORY AND ARCHAEOLOGY,
Ergometry,DIVISION 11 MEDICAL AND HEALTH SCIENCES,
Upper Extremity,DIVISION 11 MEDICAL AND HEALTH SCIENCES,
Athletic Injuries,DIVISION 11 MEDICAL AND HEALTH SCIENCES,
Construction Project,DIVISION 12 BUILT ENVIRONMENT AND DESIGN,
Policy Responses,DIVISION 16 STUDIES IN HUMAN SOCIETY,
Data mining,DIVISION 08 INFORMATION AND COMPUTING SCIENCES,
case studies,research related,
Brain computer interface,DIVISION 08 INFORMATION AND COMPUTING SCIENCES,
Experiment,research related,
Drug Therapy,DIVISION 11 MEDICAL AND HEALTH SCIENCES,
ethics committee,DIVISION 22 PHILOSOPHY AND RELIGIOUS STUDIES,
Paradigm Shift,research related,
Mental Fatigue,DIVISION 11 MEDICAL AND HEALTH SCIENCES,
species recruitment,DIVISION 05 ENVIRONMENTAL SCIENCES,
insect,DIVISION 07 AGRICULTURAL AND VETERINARY SCIENCES,
Vitamin B 12,DIVISION 11 MEDICAL AND HEALTH SCIENCES,
Type 1 Diabetes Mellitus,DIVISION 11 MEDICAL AND HEALTH SCIENCES,
present,other irrelevant,
Recommender systems,DIVISION 08 INFORMATION AND COMPUTING SCIENCES,
Land Use,DIVISION 12 BUILT ENVIRONMENT AND DESIGN,
Scalability,other irrelevant,
flooding,DIVISION 05 ENVIRONMENTAL SCIENCES,
Perth,other irrelevant,
Pathologists,DIVISION 17 PSYCHOLOGY AND COGNITIVE SCIENCES,
Tea,DIVISION 07 AGRICULTURAL AND VETERINARY SCIENCES,
Decentralization,DIVISION 16 STUDIES IN HUMAN SOCIETY,
Destination,other irrelevant,
Health Policy,DIVISION 11 MEDICAL AND HEALTH SCIENCES,
nursing home,DIVISION 11 MEDICAL AND HEALTH SCIENCES,
cooperation,DIVISION 16 STUDIES IN HUMAN SOCIETY,
Fish,DIVISION 07 AGRICULTURAL AND VETERINARY SCIENCES,
immigration,DIVISION 16 STUDIES IN HUMAN SOCIETY,
Deep neural networks,DIVISION 08 INFORMATION AND COMPUTING SCIENCES,
rivers,DIVISION 04 EARTH SCIENCES,
Hand,DIVISION 11 MEDICAL AND HEALTH SCIENCES,
restoration,DIVISION 05 ENVIRONMENTAL SCIENCES,
Auckland,other irrelevant,
Breeding,DIVISION 07 AGRICULTURAL AND VETERINARY SCIENCES,
Functional Food,DIVISION 11 MEDICAL AND HEALTH SCIENCES,
Homes for the Aged,DIVISION 11 MEDICAL AND HEALTH SCIENCES,
Asia,other irrelevant,
invertebrates,DIVISION 07 AGRICULTURAL AND VETERINARY SCIENCES,
reporter,"DIVISION 20 LANGUAGE, COMMUNICATION AND CULTURE",
Metabolism,DIVISION 06 BIOLOGICAL SCIENCES,
Swimming,other irrelevant,
Point-of-Care Testing,DIVISION 11 MEDICAL AND HEALTH SCIENCES,
Retrospective Studies,research related,
reporting system,DIVISION 08 INFORMATION AND COMPUTING SCIENCES,
Cations,DIVISION 07 AGRICULTURAL AND VETERINARY SCIENCES,
import,"DIVISION 15 COMMERCE, MANAGEMENT, TOURISM AND SERVICES",
architect,DIVISION 12 BUILT ENVIRONMENT AND DESIGN,
sports,other irrelevant,
Sediments,DIVISION 04 EARTH SCIENCES,
Colorectal Neoplasms,DIVISION 11 MEDICAL AND HEALTH SCIENCES,
candidacy,DIVISION 11 MEDICAL AND HEALTH SCIENCES,
Autistic Disorder,DIVISION 11 MEDICAL AND HEALTH SCIENCES,
Tokyo,other irrelevant,
Trauma,DIVISION 17 PSYCHOLOGY AND COGNITIVE SCIENCES,
narrative,research related,
organization,other irrelevant,
curriculum,DIVISION 13 EDUCATION,
personality,DIVISION 17 PSYCHOLOGY AND COGNITIVE SCIENCES,
Data structures,DIVISION 08 INFORMATION AND COMPUTING SCIENCES,
forest industries,DIVISION 07 AGRICULTURAL AND VETERINARY SCIENCES,
Bone and Bones,DIVISION 11 MEDICAL AND HEALTH SCIENCES,
Pharmacy Students,DIVISION 11 MEDICAL AND HEALTH SCIENCES,
democracy,DIVISION 16 STUDIES IN HUMAN SOCIETY,
Waist-Height Ratio,DIVISION 11 MEDICAL AND HEALTH SCIENCES,
broadcaster,DIVISION 10 TECHNOLOGY,
Social Justice,DIVISION 22 PHILOSOPHY AND RELIGIOUS STUDIES,
Endophenotypes,DIVISION 11 MEDICAL AND HEALTH SCIENCES,
Group,other irrelevant,
transaction,"DIVISION 15 COMMERCE, MANAGEMENT, TOURISM AND SERVICES",
Personnel,"DIVISION 15 COMMERCE, MANAGEMENT, TOURISM AND SERVICES",
labor force,DIVISION 16 STUDIES IN HUMAN SOCIETY,
dialogue,"DIVISION 20 LANGUAGE, COMMUNICATION AND CULTURE",
Cooking,other irrelevant,
Accreditation,DIVISION 09 ENGINEERING,
literature review,other irrelevant,
finishing,other irrelevant,
Health Literacy,DIVISION 11 MEDICAL AND HEALTH SCIENCES,
Architecture,DIVISION 12 BUILT ENVIRONMENT AND DESIGN,
Social Distance,DIVISION 22 PHILOSOPHY AND RELIGIOUS STUDIES,
transition economics,DIVISION 14 ECONOMICS,
public,DIVISION 16 STUDIES IN HUMAN SOCIETY,
Federal Republic of Germany,other irrelevant,
Nutritionists,DIVISION 11 MEDICAL AND HEALTH SCIENCES,
Patient rehabilitation,DIVISION 11 MEDICAL AND HEALTH SCIENCES,
social research,DIVISION 16 STUDIES IN HUMAN SOCIETY,
Clergy,DIVISION 11 MEDICAL AND HEALTH SCIENCES,
Tendinopathy,DIVISION 11 MEDICAL AND HEALTH SCIENCES,
resident,DIVISION 11 MEDICAL AND HEALTH SCIENCES,
Sampling,research related,
financing,"DIVISION 15 COMMERCE, MANAGEMENT, TOURISM AND SERVICES",
Middle East,other irrelevant,
Storytelling,research related,
Acute Coronary Syndrome,DIVISION 11 MEDICAL AND HEALTH SCIENCES,
irrigation,DIVISION 07 AGRICULTURAL AND VETERINARY SCIENCES,
Library Science,DIVISION 08 INFORMATION AND COMPUTING SCIENCES,
Cell Phone Use,DIVISION 10 TECHNOLOGY,
Sustainable Development Goal,DIVISION 05 ENVIRONMENTAL SCIENCES,
Trajectories,DIVISION 09 ENGINEERING,
information system,DIVISION 08 INFORMATION AND COMPUTING SCIENCES,
Anatomy,DIVISION 11 MEDICAL AND HEALTH SCIENCES,
wisdom,DIVISION 17 PSYCHOLOGY AND COGNITIVE SCIENCES,
Innovation,other irrelevant,
intestinal microorganisms,DIVISION 06 BIOLOGICAL SCIENCES,
Hong Kong,other irrelevant,
Territories,DIVISION 05 ENVIRONMENTAL SCIENCES,
history,DIVISION 21 HISTORY AND ARCHAEOLOGY,
Excellence,other irrelevant,
Young Adult,DIVISION 11 MEDICAL AND HEALTH SCIENCES,
Proteomics,DIVISION 06 BIOLOGICAL SCIENCES,
Community Participation,"DIVISION 20 LANGUAGE, COMMUNICATION AND CULTURE",
Weights and Measures,DIVISION 11 MEDICAL AND HEALTH SCIENCES,
diagnostic,DIVISION 11 MEDICAL AND HEALTH SCIENCES,
Vocational Education,DIVISION 13 EDUCATION,
Materiality,DIVISION 09 ENGINEERING,
financial crisis,"DIVISION 15 COMMERCE, MANAGEMENT, TOURISM AND SERVICES",
Food,other relevant,
Pyrus,DIVISION 07 AGRICULTURAL AND VETERINARY SCIENCES,
Education Sector,DIVISION 16 STUDIES IN HUMAN SOCIETY,
taxonomy,DIVISION 07 AGRICULTURAL AND VETERINARY SCIENCES,
Victoria,other irrelevant,
urban planning,DIVISION 12 BUILT ENVIRONMENT AND DESIGN,
Principal Component Analysis,DIVISION 03 CHEMICAL SCIENCES,
Inclusion,other irrelevant,
pregnancy,DIVISION 11 MEDICAL AND HEALTH SCIENCES,
Cognition,DIVISION 17 PSYCHOLOGY AND COGNITIVE SCIENCES,
Spiperone,DIVISION 11 MEDICAL AND HEALTH SCIENCES,
Prose,"DIVISION 20 LANGUAGE, COMMUNICATION AND CULTURE",
content analysis,research related,
Corporate Social Responsibility,DIVISION 16 STUDIES IN HUMAN SOCIETY,
Testing,DIVISION 08 INFORMATION AND COMPUTING SCIENCES,
Health Workforce,DIVISION 11 MEDICAL AND HEALTH SCIENCES,
Population Genetics,DIVISION 06 BIOLOGICAL SCIENCES,
Queensland,other irrelevant,
Walkers,other irrelevant,
Sensor networks,DIVISION 08 INFORMATION AND COMPUTING SCIENCES,
Bacterial Artificial Chromosomes,DIVISION 06 BIOLOGICAL SCIENCES,
Pharmacology,DIVISION 11 MEDICAL AND HEALTH SCIENCES,
lesions (animal),DIVISION 07 AGRICULTURAL AND VETERINARY SCIENCES,
privacy,DIVISION 22 PHILOSOPHY AND RELIGIOUS STUDIES,
Mental health care,DIVISION 11 MEDICAL AND HEALTH SCIENCES,
citizen,DIVISION 16 STUDIES IN HUMAN SOCIETY,
genome,DIVISION 06 BIOLOGICAL SCIENCES,
Registries,other irrelevant,
society,DIVISION 16 STUDIES IN HUMAN SOCIETY,
risk management,research related,
Gestational Weight Gain,DIVISION 11 MEDICAL AND HEALTH SCIENCES,
grammar,"DIVISION 20 LANGUAGE, COMMUNICATION AND CULTURE",
disinformation,DIVISION 08 INFORMATION AND COMPUTING SCIENCES,
biosecurity,DIVISION 07 AGRICULTURAL AND VETERINARY SCIENCES,
Language,"DIVISION 20 LANGUAGE, COMMUNICATION AND CULTURE",
follower,DIVISION 09 ENGINEERING,
Disruption,DIVISION 11 MEDICAL AND HEALTH SCIENCES,
indicator,research related,
Environmental amenities,DIVISION 05 ENVIRONMENTAL SCIENCES,
France,other irrelevant,
policy approach,DIVISION 16 STUDIES IN HUMAN SOCIETY,
farmer,DIVISION 07 AGRICULTURAL AND VETERINARY SCIENCES,
Humidity,DIVISION 05 ENVIRONMENTAL SCIENCES,
cultural economy,DIVISION 14 ECONOMICS,
complementarity,DIVISION 01 MATHEMATICAL SCIENCES,
Epidemiologic Studies,DIVISION 11 MEDICAL AND HEALTH SCIENCES,
attribute,DIVISION 08 INFORMATION AND COMPUTING SCIENCES,
senate,DIVISION 16 STUDIES IN HUMAN SOCIETY,
drought,DIVISION 05 ENVIRONMENTAL SCIENCES,
Therapy,DIVISION 11 MEDICAL AND HEALTH SCIENCES,
Network Meta-Analysis,DIVISION 08 INFORMATION AND COMPUTING SCIENCES,
federation,DIVISION 16 STUDIES IN HUMAN SOCIETY,
Galaxiidae,DIVISION 07 AGRICULTURAL AND VETERINARY SCIENCES,
regulatory reform,DIVISION 16 STUDIES IN HUMAN SOCIETY,
self-determination,DIVISION 22 PHILOSOPHY AND RELIGIOUS STUDIES,
Designer,DIVISION 19 STUDIES IN CREATIVE ARTS AND WRITING,
Studios,DIVISION 08 INFORMATION AND COMPUTING SCIENCES,
Dreams,DIVISION 22 PHILOSOPHY AND RELIGIOUS STUDIES,
Magnetic Resonance Imaging,DIVISION 11 MEDICAL AND HEALTH SCIENCES,
Happiness,DIVISION 17 PSYCHOLOGY AND COGNITIVE SCIENCES,
Ankle Joint,DIVISION 11 MEDICAL AND HEALTH SCIENCES,
first-year student,DIVISION 13 EDUCATION,
Marketing,"DIVISION 15 COMMERCE, MANAGEMENT, TOURISM AND SERVICES",
risk assessment,research related,
Aging of materials,DIVISION 09 ENGINEERING,
niche,other irrelevant,
arsenosugar,DIVISION 03 CHEMICAL SCIENCES,
group work,"DIVISION 15 COMMERCE, MANAGEMENT, TOURISM AND SERVICES",
Conceptual Framework,DIVISION 08 INFORMATION AND COMPUTING SCIENCES,
theory-practice,research related,
Prototype,DIVISION 09 ENGINEERING,
Resuscitation,other relevant,
malathion,DIVISION 05 ENVIRONMENTAL SCIENCES,
Grounding,DIVISION 10 TECHNOLOGY,
Social Identification,DIVISION 16 STUDIES IN HUMAN SOCIETY,
History of Architecture,DIVISION 12 BUILT ENVIRONMENT AND DESIGN,
educational opportunity,DIVISION 13 EDUCATION,
Smoking,DIVISION 11 MEDICAL AND HEALTH SCIENCES,
Mobile Phone,DIVISION 10 TECHNOLOGY,
citizenship,DIVISION 16 STUDIES IN HUMAN SOCIETY,
Psychometrics,DIVISION 17 PSYCHOLOGY AND COGNITIVE SCIENCES,
Haiku,DIVISION 08 INFORMATION AND COMPUTING SCIENCES,
Kinematics,DIVISION 11 MEDICAL AND HEALTH SCIENCES,
Levodopa,DIVISION 11 MEDICAL AND HEALTH SCIENCES,
user interface,DIVISION 08 INFORMATION AND COMPUTING SCIENCES,
